exp,method,map,dataset,n_agents,share_fraction,n_access,steps,seed,tasks_completed,fails,collisions,coll_obstacle,coll_robot,rrt_calls,wall_s
R3_prioritized_map2,prioritized,map2,prioritized,2,0.0,0,2000,0,170,1,1,0,1,174,4.79
R4_online_cap1000_map2,online_cap1000,map2,rrt_online,2,0.0,0,2000,0,120,7,22,0,22,142,15.23
R4_online_cap300_map2,online_cap300,map2,rrt_online,2,0.0,0,2000,0,150,83,41,0,41,255,15.5
R3_prioritized_map2,prioritized,map2,prioritized,4,0.0,0,2000,0,335,1,17,0,17,357,7.73
R1_libvariants_map2,lib_filter,map2,original,2,0.0,0,2000,0,101,13,29,0,29,22,24.29
R1_libvariants_map2,lib_regen,map2,original,2,0.0,0,2000,0,120,7,37,0,37,4,41.86
R4_online_cap1000_map2,online_cap1000,map2,rrt_online,4,0.0,0,2000,0,230,18,204,0,204,356,47.82
R2_scripted_map2,scripted_alternative,map2,alternative,2,0.0,0,2000,0,91,1,42,0,42,3,45.43
R1_libvariants_map2,lib_filter,map2,original,4,0.0,0,2000,0,193,29,180,0,180,40,58.76
R4_online_cap300_map2,online_cap300,map2,rrt_online,4,0.0,0,2000,0,299,310,277,0,277,735,42.03
R1_libvariants_map2,lib_repair,map2,original,2,0.0,0,2000,0,85,9,91,0,91,4,68.37
R5_transfer_map3,hybrid_map3lib,map3,map3lib,2,0.0,0,2000,0,86,22,51,0,51,7,70.13
R2_scripted_map2,scripted_original,map2,original,2,0.0,0,2000,0,91,8,224,199,25,8,85.92
R1_libvariants_map2,lib_repair,map2,original,4,0.0,0,2000,0,185,28,199,0,199,22,93.61
R3_prioritized_map2,prioritized,map2,prioritized,6,0.0,0,2000,0,506,1,47,0,47,560,9.58
R1_libvariants_map2,lib_regen,map2,original,4,0.0,0,2000,0,220,30,216,0,216,7,108.98
R2_scripted_map2,scripted_original,map2,original,4,0.0,0,2000,0,187,17,510,379,131,16,118.44
R4_online_cap300_map2,online_cap300,map2,rrt_online,6,0.0,0,2000,0,447,468,527,0,527,1173,47.93
R2_scripted_map2,scripted_alternative,map2,alternative,4,0.0,0,2000,0,191,8,227,0,227,10,130.58
R4_online_cap1000_map2,online_cap1000,map2,rrt_online,6,0.0,0,2000,0,339,48,468,0,468,632,83.38
R5_transfer_map3,hybrid_original,map3,original,2,0.0,0,2000,0,27,122,1077,1051,26,30,191.37
R1_libvariants_map2,lib_regen,map2,original,6,0.0,0,2000,0,337,51,570,0,570,16,139.87
R1_libvariants_map2,lib_repair,map2,original,6,0.0,0,2000,0,268,56,655,0,655,16,183.94
R1_libvariants_map2,lib_filter,map2,original,6,0.0,0,2000,0,289,82,551,0,551,72,221.75
R3_prioritized_map2,prioritized,map2,prioritized,8,0.0,0,2000,0,672,4,65,0,65,749,17.83
R2_scripted_map2,scripted_alternative,map2,alternative,6,0.0,0,2000,0,275,16,488,0,488,10,191.94
R1_libvariants_map2,lib_filter,map2,original,8,0.0,0,2000,0,347,99,1061,0,1061,119,173.67
R2_scripted_map2,scripted_original,map2,original,6,0.0,0,2000,0,271,43,1164,665,499,25,259.65
R4_online_cap300_map2,online_cap300,map2,rrt_online,8,0.0,0,2000,0,579,829,858,0,858,1809,79.92
R5_transfer_map3,hybrid_map3lib,map3,map3lib,4,0.0,0,2000,0,200,37,268,0,268,31,301.93
R4_online_cap1000_map2,online_cap1000,map2,rrt_online,8,0.0,0,2000,0,418,102,882,0,882,994,127.96
R5_transfer_map3,hybrid_original,map3,original,4,0.0,0,2000,0,57,242,2080,1891,189,62,361.27
R1_libvariants_map2,lib_repair,map2,original,8,0.0,0,2000,0,345,77,1057,0,1057,29,250.84
R3_prioritized_map2,prioritized,map2,prioritized,10,0.0,0,2000,0,853,6,126,0,126,994,13.02
R1_libvariants_map2,lib_regen,map2,original,8,0.0,0,2000,0,422,80,855,0,855,28,267.29
R5_transfer_map3,hybrid_map3lib,map3,map3lib,6,0.0,0,2000,0,257,53,653,0,653,50,300.78
R2_scripted_map2,scripted_alternative,map2,alternative,8,0.0,0,2000,0,363,22,842,0,842,17,204.89
R2_scripted_map2,scripted_original,map2,original,8,0.0,0,2000,0,364,57,1590,904,686,43,258.51
R1_libvariants_map2,lib_filter,map2,original,2,0.0,0,2000,1,95,18,44,0,44,18,10.72
R4_online_cap300_map2,online_cap300,map2,rrt_online,10,0.0,0,2000,0,675,1068,1619,0,1619,2501,45.55
R4_online_cap1000_map2,online_cap1000,map2,rrt_online,10,0.0,0,2000,0,521,163,1334,0,1334,1313,75.06
R1_libvariants_map2,lib_repair,map2,original,2,0.0,0,2000,1,108,10,62,0,62,7,19.06
R1_libvariants_map2,lib_regen,map2,original,2,0.0,0,2000,1,123,11,25,0,25,0,19.26
R3_prioritized_map2,prioritized,map2,prioritized,2,0.0,0,2000,1,175,1,3,0,3,181,1.45
R4_online_cap1000_map2,online_cap1000,map2,rrt_online,2,0.0,0,2000,1,131,7,31,0,31,160,8.02
R4_online_cap300_map2,online_cap300,map2,rrt_online,2,0.0,0,2000,1,141,127,73,0,73,297,6.6
R1_libvariants_map2,lib_filter,map2,original,10,0.0,0,2000,0,454,129,1410,0,1410,169,174.6
R2_scripted_map2,scripted_original,map2,original,2,0.0,0,2000,1,99,10,241,198,43,8,27.19
R2_scripted_map2,scripted_alternative,map2,alternative,2,0.0,0,2000,1,103,2,28,0,28,5,20.86
R1_libvariants_map2,lib_regen,map2,original,10,0.0,0,2000,0,503,121,1744,0,1744,30,168.16
R1_libvariants_map2,lib_repair,map2,original,10,0.0,0,2000,0,419,129,1719,0,1719,52,187.82
R5_transfer_map3,hybrid_original,map3,original,6,0.0,0,2000,0,87,364,3399,3035,364,90,467.0
R1_libvariants_map2,lib_filter,map2,original,4,0.0,0,2000,1,182,38,216,0,216,40,26.53
R5_transfer_map3,hybrid_map3lib,map3,map3lib,2,0.0,0,2000,1,80,17,42,0,42,18,26.37
R3_prioritized_map2,prioritized,map2,prioritized,4,0.0,0,2000,1,362,2,16,0,16,384,4.56
R4_online_cap300_map2,online_cap300,map2,rrt_online,4,0.0,0,2000,1,296,250,225,0,225,659,14.21
R4_online_cap1000_map2,online_cap1000,map2,rrt_online,4,0.0,0,2000,1,234,15,171,0,171,338,21.7
R1_libvariants_map2,lib_repair,map2,original,4,0.0,0,2000,1,174,30,149,0,149,15,52.62
R2_scripted_map2,scripted_alternative,map2,alternative,10,0.0,0,2000,0,429,46,1574,0,1574,19,178.02
R1_libvariants_map2,lib_regen,map2,original,4,0.0,0,2000,1,228,27,219,0,219,6,46.2
R2_scripted_map2,scripted_original,map2,original,10,0.0,0,2000,0,432,97,2503,920,1583,50,205.04
R5_transfer_map3,hybrid_original,map3,original,2,0.0,0,2000,1,36,117,1023,1008,15,27,90.52
R2_scripted_map2,scripted_alternative,map2,alternative,4,0.0,0,2000,1,185,5,181,0,181,5,47.94
R2_scripted_map2,scripted_original,map2,original,4,0.0,0,2000,1,204,21,459,325,134,22,65.83
R3_prioritized_map2,prioritized,map2,prioritized,6,0.0,0,2000,1,540,3,37,0,37,586,5.41
R4_online_cap300_map2,online_cap300,map2,rrt_online,6,0.0,0,2000,1,419,442,491,0,491,1071,21.46
R5_transfer_map3,hybrid_map3lib,map3,map3lib,8,0.0,0,2000,0,339,104,1108,0,1108,73,307.96
R1_libvariants_map2,lib_filter,map2,original,6,0.0,0,2000,1,289,63,546,0,546,75,51.68
R4_online_cap1000_map2,online_cap1000,map2,rrt_online,6,0.0,0,2000,1,339,54,460,0,460,618,34.25
R1_libvariants_map2,lib_repair,map2,original,6,0.0,0,2000,1,271,46,562,0,562,23,64.51
R1_libvariants_map2,lib_regen,map2,original,6,0.0,0,2000,1,335,44,438,0,438,21,65.42
R2_scripted_map2,scripted_original,map2,original,6,0.0,0,2000,1,280,40,1060,530,530,28,73.28
R5_transfer_map3,hybrid_map3lib,map3,map3lib,4,0.0,0,2000,1,181,55,342,0,342,31,91.75
R5_transfer_map3,hybrid_original,map3,original,8,0.0,0,2000,0,111,471,4488,3688,800,125,397.34
R3_prioritized_map2,prioritized,map2,prioritized,8,0.0,0,2000,1,697,4,63,0,63,772,5.77
R2_scripted_map2,scripted_alternative,map2,alternative,6,0.0,0,2000,1,262,19,649,0,649,9,75.49
R5_transfer_map3,hybrid_original,map3,original,4,0.0,0,2000,1,68,238,2162,1987,175,57,126.44
R4_online_cap300_map2,online_cap300,map2,rrt_online,8,0.0,0,2000,1,549,724,1235,0,1235,1864,26.88
R1_libvariants_map2,lib_filter,map2,original,8,0.0,0,2000,1,349,118,1085,0,1085,90,61.72
R4_online_cap1000_map2,online_cap1000,map2,rrt_online,8,0.0,0,2000,1,410,93,811,0,811,919,41.38
R1_libvariants_map2,lib_repair,map2,original,8,0.0,0,2000,1,356,77,968,0,968,39,101.11
R1_libvariants_map2,lib_regen,map2,original,8,0.0,0,2000,1,428,81,897,0,897,38,118.29
R5_transfer_map3,hybrid_map3lib,map3,map3lib,6,0.0,0,2000,1,252,80,695,0,695,49,206.44
R2_scripted_map2,scripted_alternative,map2,alternative,8,0.0,0,2000,1,359,39,954,0,954,13,177.08
R2_scripted_map2,scripted_original,map2,original,8,0.0,0,2000,1,344,64,1689,851,838,35,195.07
R3_prioritized_map2,prioritized,map2,prioritized,10,0.0,0,2000,1,872,4,114,0,114,1000,17.32
R1_libvariants_map2,lib_filter,map2,original,10,0.0,0,2000,1,425,152,1381,0,1381,134,226.09
R5_transfer_map3,hybrid_map3lib,map3,map3lib,10,0.0,0,2000,0,454,117,1845,0,1845,108,520.32
R4_online_cap300_map2,online_cap300,map2,rrt_online,10,0.0,0,2000,1,704,1130,1449,0,1449,2551,100.94
R1_libvariants_map2,lib_filter,map2,original,2,0.0,0,2000,2,102,12,20,0,20,15,23.55
R1_libvariants_map2,lib_regen,map2,original,10,0.0,0,2000,1,507,95,1318,0,1318,45,290.05
R1_libvariants_map2,lib_repair,map2,original,10,0.0,0,2000,1,429,123,1618,0,1618,71,314.5
R1_libvariants_map2,lib_repair,map2,original,2,0.0,0,2000,2,108,6,24,0,24,6,43.05
R4_online_cap1000_map2,online_cap1000,map2,rrt_online,10,0.0,0,2000,1,525,153,1276,0,1276,1313,173.39
R3_prioritized_map2,prioritized,map2,prioritized,2,0.0,0,2000,2,174,0,2,0,2,178,2.37
R4_online_cap300_map2,online_cap300,map2,rrt_online,2,0.0,0,2000,2,153,126,35,0,35,296,17.0
R4_online_cap1000_map2,online_cap1000,map2,rrt_online,2,0.0,0,2000,2,126,11,17,0,17,147,21.0
R2_scripted_map2,scripted_original,map2,original,2,0.0,0,2000,2,100,13,232,203,29,7,46.07
R1_libvariants_map2,lib_regen,map2,original,2,0.0,0,2000,2,121,7,16,0,16,3,47.27
R2_scripted_map2,scripted_alternative,map2,alternative,2,0.0,0,2000,2,106,4,31,0,31,0,56.03
R5_transfer_map3,hybrid_map3lib,map3,map3lib,2,0.0,0,2000,2,90,16,37,0,37,16,53.38
R2_scripted_map2,scripted_alternative,map2,alternative,10,0.0,0,2000,1,433,48,1625,0,1625,27,382.61
R2_scripted_map2,scripted_original,map2,original,10,0.0,0,2000,1,413,93,2420,1043,1377,64,419.35
R3_prioritized_map2,prioritized,map2,prioritized,4,0.0,0,2000,2,335,0,18,0,18,357,5.65
R1_libvariants_map2,lib_repair,map2,original,4,0.0,0,2000,2,192,22,197,0,197,16,95.47
R1_libvariants_map2,lib_filter,map2,original,4,0.0,0,2000,2,196,36,192,0,192,34,95.83
R4_online_cap300_map2,online_cap300,map2,rrt_online,4,0.0,0,2000,2,288,277,270,0,270,698,37.01
R4_online_cap1000_map2,online_cap1000,map2,rrt_online,4,0.0,0,2000,2,209,32,208,0,208,349,50.51
R1_libvariants_map2,lib_regen,map2,original,4,0.0,0,2000,2,219,25,301,0,301,14,126.77
R5_transfer_map3,hybrid_original,map3,original,2,0.0,0,2000,2,26,101,982,949,33,32,201.44
R5_transfer_map3,hybrid_original,map3,original,6,0.0,0,2000,1,96,365,3341,2904,437,104,642.57
R2_scripted_map2,scripted_original,map2,original,4,0.0,0,2000,2,194,27,637,496,141,7,131.54
R5_transfer_map3,hybrid_map3lib,map3,map3lib,8,0.0,0,2000,1,347,78,1374,0,1374,61,601.32
R3_prioritized_map2,prioritized,map2,prioritized,6,0.0,0,2000,2,523,0,27,0,27,556,6.03
R2_scripted_map2,scripted_alternative,map2,alternative,4,0.0,0,2000,2,182,5,240,0,240,1,122.6
R5_transfer_map3,hybrid_original,map3,original,10,0.0,0,2000,0,151,659,6139,4908,1231,182,931.86
R4_online_cap1000_map2,online_cap1000,map2,rrt_online,6,0.0,0,2000,2,319,49,488,0,488,584,65.42
R4_online_cap300_map2,online_cap300,map2,rrt_online,6,0.0,0,2000,2,441,498,474,0,474,1177,50.18
R1_libvariants_map2,lib_filter,map2,original,6,0.0,0,2000,2,264,63,460,0,460,70,123.63
R5_transfer_map3,hybrid_map3lib,map3,map3lib,4,0.0,0,2000,2,170,26,265,0,265,32,158.17
R1_libvariants_map2,lib_repair,map2,original,6,0.0,0,2000,2,274,59,568,0,568,22,159.14
R1_libvariants_map2,lib_regen,map2,original,6,0.0,0,2000,2,338,52,454,0,454,6,156.16
R2_scripted_map2,scripted_alternative,map2,alternative,6,0.0,0,2000,2,283,12,397,0,397,5,154.96
R3_prioritized_map2,prioritized,map2,prioritized,8,0.0,0,2000,2,695,1,46,0,46,750,8.38
R2_scripted_map2,scripted_original,map2,original,6,0.0,0,2000,2,272,39,1160,599,561,29,196.16
R4_online_cap300_map2,online_cap300,map2,rrt_online,8,0.0,0,2000,2,549,686,980,0,980,1706,56.83
R4_online_cap1000_map2,online_cap1000,map2,rrt_online,8,0.0,0,2000,2,423,95,892,0,892,964,96.01
R1_libvariants_map2,lib_filter,map2,original,8,0.0,0,2000,2,344,106,1090,0,1090,119,188.01
R5_transfer_map3,hybrid_original,map3,original,4,0.0,0,2000,2,46,225,2130,2013,117,65,399.36
R1_libvariants_map2,lib_regen,map2,original,8,0.0,0,2000,2,430,79,931,0,931,41,189.78
R1_libvariants_map2,lib_repair,map2,original,8,0.0,0,2000,2,344,93,1004,0,1004,46,231.27
R5_transfer_map3,hybrid_original,map3,original,8,0.0,0,2000,1,134,497,4546,3720,826,130,960.05
R2_scripted_map2,scripted_original,map2,original,8,0.0,0,2000,2,350,80,1731,809,922,47,223.79
R2_scripted_map2,scripted_alternative,map2,alternative,8,0.0,0,2000,2,348,34,921,0,921,15,212.21
R3_prioritized_map2,prioritized,map2,prioritized,10,0.0,0,2000,2,858,4,120,0,120,992,14.54
R5_transfer_map3,hybrid_map3lib,map3,map3lib,6,0.0,0,2000,2,268,65,652,0,652,44,317.0
R4_online_cap300_map2,online_cap300,map2,rrt_online,10,0.0,0,2000,2,697,1046,1490,0,1490,2486,62.63
R5_transfer_map3,hybrid_map3lib,map3,map3lib,10,0.0,0,2000,1,396,152,2132,0,2132,106,792.94
R1_libvariants_map2,lib_filter,map2,original,10,0.0,0,2000,2,401,130,1635,0,1635,163,168.7
R1_libvariants_map2,lib_filter,map2,original,2,0.0,0,2000,3,104,16,31,0,31,8,14.71
R1_libvariants_map2,lib_repair,map2,original,2,0.0,0,2000,3,99,6,36,0,36,7,17.66
R4_online_cap1000_map2,online_cap1000,map2,rrt_online,10,0.0,0,2000,2,523,150,1386,0,1386,1335,110.34
R1_libvariants_map2,lib_regen,map2,original,2,0.0,0,2000,3,124,14,41,0,41,3,27.39
R3_prioritized_map2,prioritized,map2,prioritized,2,0.0,0,2000,3,173,0,6,0,6,181,1.79
R5_transfer_map3,hybrid_original,map3,original,6,0.0,0,2000,2,93,376,3421,3030,391,79,451.79
R4_online_cap1000_map2,online_cap1000,map2,rrt_online,2,0.0,0,2000,3,124,4,23,0,23,144,12.56
R4_online_cap300_map2,online_cap300,map2,rrt_online,2,0.0,0,2000,3,143,112,46,0,46,283,10.59
R2_scripted_map2,scripted_original,map2,original,2,0.0,0,2000,3,106,9,259,230,29,6,35.57
R2_scripted_map2,scripted_alternative,map2,alternative,2,0.0,0,2000,3,102,3,39,0,39,3,32.0
R1_libvariants_map2,lib_repair,map2,original,10,0.0,0,2000,2,404,123,1663,0,1663,61,215.91
R1_libvariants_map2,lib_regen,map2,original,10,0.0,0,2000,2,528,82,1226,0,1226,41,226.16
R1_libvariants_map2,lib_filter,map2,original,4,0.0,0,2000,3,205,33,225,0,225,36,35.38
R5_transfer_map3,hybrid_map3lib,map3,map3lib,2,0.0,0,2000,3,89,17,73,0,73,15,38.83
R3_prioritized_map2,prioritized,map2,prioritized,4,0.0,0,2000,3,363,0,15,0,15,382,1.52
R1_libvariants_map2,lib_repair,map2,original,4,0.0,0,2000,3,186,25,234,0,234,17,44.93
R1_libvariants_map2,lib_regen,map2,original,4,0.0,0,2000,3,235,21,220,0,220,14,51.21
R2_scripted_map2,scripted_original,map2,original,10,0.0,0,2000,2,428,86,2435,992,1443,59,256.38
R2_scripted_map2,scripted_alternative,map2,alternative,10,0.0,0,2000,2,443,49,1400,0,1400,21,245.07
R4_online_cap300_map2,online_cap300,map2,rrt_online,4,0.0,0,2000,3,292,254,259,0,259,693,13.21
R4_online_cap1000_map2,online_cap1000,map2,rrt_online,4,0.0,0,2000,3,245,25,156,0,156,349,16.47
R2_scripted_map2,scripted_original,map2,original,4,0.0,0,2000,3,185,20,570,401,169,15,55.09
R5_transfer_map3,hybrid_original,map3,original,2,0.0,0,2000,3,20,127,1000,967,33,34,82.1
R5_transfer_map3,hybrid_original,map3,original,10,0.0,0,2000,1,155,606,5985,4669,1316,183,1042.3
R3_prioritized_map2,prioritized,map2,prioritized,6,0.0,0,2000,3,528,2,40,0,40,576,3.7
R2_scripted_map2,scripted_alternative,map2,alternative,4,0.0,0,2000,3,200,8,140,0,140,2,44.73
R5_transfer_map3,hybrid_map3lib,map3,map3lib,8,0.0,0,2000,2,341,97,1194,0,1194,76,360.18
R4_online_cap300_map2,online_cap300,map2,rrt_online,6,0.0,0,2000,3,423,407,549,0,549,1095,19.43
R1_libvariants_map2,lib_filter,map2,original,6,0.0,0,2000,3,278,57,495,0,495,81,46.83
R4_online_cap1000_map2,online_cap1000,map2,rrt_online,6,0.0,0,2000,3,329,78,499,0,499,685,32.34
R1_libvariants_map2,lib_regen,map2,original,6,0.0,0,2000,3,326,45,492,0,492,21,59.86
R1_libvariants_map2,lib_repair,map2,original,6,0.0,0,2000,3,269,51,552,0,552,24,64.61
R5_transfer_map3,hybrid_map3lib,map3,map3lib,4,0.0,0,2000,3,159,34,342,0,342,31,74.26
R2_scripted_map2,scripted_alternative,map2,alternative,6,0.0,0,2000,3,276,16,450,0,450,5,66.94
R2_scripted_map2,scripted_original,map2,original,6,0.0,0,2000,3,274,41,1033,537,496,32,79.88
R3_prioritized_map2,prioritized,map2,prioritized,8,0.0,0,2000,3,708,6,80,0,80,802,6.25
R1_libvariants_map2,lib_filter,map2,original,8,0.0,0,2000,3,357,90,819,0,819,103,58.0
R4_online_cap300_map2,online_cap300,map2,rrt_online,8,0.0,0,2000,3,551,710,1100,0,1100,1809,24.72
R4_online_cap1000_map2,online_cap1000,map2,rrt_online,8,0.0,0,2000,3,431,100,805,0,805,926,38.51
R5_transfer_map3,hybrid_original,map3,original,8,0.0,0,2000,2,123,491,4385,3744,641,151,478.62
R1_libvariants_map2,lib_repair,map2,original,8,0.0,0,2000,3,352,97,951,0,951,41,81.96
R1_libvariants_map2,lib_regen,map2,original,8,0.0,0,2000,3,424,82,886,0,886,29,81.63
R5_transfer_map3,hybrid_original,map3,original,4,0.0,0,2000,3,55,238,2103,1959,144,67,167.5
R5_transfer_map3,hybrid_map3lib,map3,map3lib,6,0.0,0,2000,3,262,53,562,0,562,49,110.2
R2_scripted_map2,scripted_original,map2,original,8,0.0,0,2000,3,380,53,1502,775,727,40,100.46
R3_prioritized_map2,prioritized,map2,prioritized,10,0.0,0,2000,3,890,11,125,0,125,1036,10.76
R2_scripted_map2,scripted_alternative,map2,alternative,8,0.0,0,2000,3,359,27,966,0,966,14,96.02
R4_online_cap300_map2,online_cap300,map2,rrt_online,10,0.0,0,2000,3,673,1093,1675,0,1675,2551,32.48
R4_online_cap1000_map2,online_cap1000,map2,rrt_online,10,0.0,0,2000,3,521,150,1343,0,1343,1307,52.23
R1_libvariants_map2,lib_filter,map2,original,10,0.0,0,2000,3,426,131,1606,0,1606,175,96.89
R5_transfer_map3,hybrid_map3lib,map3,map3lib,10,0.0,0,2000,2,407,144,1964,0,1964,94,382.01
R1_libvariants_map2,lib_filter,map2,original,2,0.0,0,2000,4,95,13,29,0,29,14,8.24
R5_transfer_map3,hybrid_original,map3,original,6,0.0,0,2000,3,90,337,3214,2713,501,102,206.71
R1_libvariants_map2,lib_repair,map2,original,2,0.0,0,2000,4,98,20,50,0,50,4,14.99
R3_prioritized_map2,prioritized,map2,prioritized,2,0.0,0,2000,4,177,0,7,0,7,186,0.74
R1_libvariants_map2,lib_repair,map2,original,10,0.0,0,2000,3,428,120,1660,0,1660,49,117.34
R1_libvariants_map2,lib_regen,map2,original,2,0.0,0,2000,4,121,8,23,0,23,2,14.48
R4_online_cap300_map2,online_cap300,map2,rrt_online,2,0.0,0,2000,4,135,104,99,0,99,284,4.79
R4_online_cap1000_map2,online_cap1000,map2,rrt_online,2,0.0,0,2000,4,120,7,36,0,36,145,6.44
R2_scripted_map2,scripted_original,map2,original,2,0.0,0,2000,4,92,13,276,238,38,10,19.1
R1_libvariants_map2,lib_regen,map2,original,10,0.0,0,2000,3,526,105,1322,0,1322,42,127.88
R2_scripted_map2,scripted_alternative,map2,alternative,2,0.0,0,2000,4,101,1,11,0,11,0,16.26
R1_libvariants_map2,lib_filter,map2,original,4,0.0,0,2000,4,194,34,199,0,199,33,17.21
R5_transfer_map3,hybrid_original,map3,original,10,0.0,0,2000,2,166,601,5639,4491,1148,182,472.36
R3_prioritized_map2,prioritized,map2,prioritized,4,0.0,0,2000,4,365,0,14,0,14,383,1.47
R5_transfer_map3,hybrid_map3lib,map3,map3lib,2,0.0,0,2000,4,99,11,26,0,26,10,25.54
R2_scripted_map2,scripted_alternative,map2,alternative,10,0.0,0,2000,3,441,43,1463,0,1463,23,127.14
R1_libvariants_map2,lib_repair,map2,original,4,0.0,0,2000,4,192,29,184,0,184,13,32.05
R4_online_cap1000_map2,online_cap1000,map2,rrt_online,4,0.0,0,2000,4,220,28,192,0,192,318,15.59
R4_online_cap300_map2,online_cap300,map2,rrt_online,4,0.0,0,2000,4,281,232,223,0,223,619,10.9
R1_libvariants_map2,lib_regen,map2,original,4,0.0,0,2000,4,230,22,164,0,164,11,33.69
R5_transfer_map3,hybrid_map3lib,map3,map3lib,8,0.0,0,2000,3,344,86,1270,0,1270,68,187.36
R5_transfer_map3,hybrid_original,map3,original,2,0.0,0,2000,4,34,114,996,965,31,28,52.71
R2_scripted_map2,scripted_original,map2,original,10,0.0,0,2000,3,413,117,2625,982,1643,69,161.19
R3_prioritized_map2,prioritized,map2,prioritized,6,0.0,0,2000,4,528,0,28,0,28,562,2.42
R2_scripted_map2,scripted_original,map2,original,4,0.0,0,2000,4,200,18,669,452,217,11,45.88
R2_scripted_map2,scripted_alternative,map2,alternative,4,0.0,0,2000,4,196,8,155,0,155,10,38.72
R4_online_cap300_map2,online_cap300,map2,rrt_online,6,0.0,0,2000,4,446,459,649,0,649,1210,16.99
R4_online_cap1000_map2,online_cap1000,map2,rrt_online,6,0.0,0,2000,4,331,46,485,0,485,632,24.44
R1_libvariants_map2,lib_filter,map2,original,6,0.0,0,2000,4,274,73,477,0,477,71,32.56
R1_libvariants_map2,lib_regen,map2,original,6,0.0,0,2000,4,340,54,440,0,440,12,50.22
R5_transfer_map3,hybrid_map3lib,map3,map3lib,4,0.0,0,2000,4,179,32,294,0,294,30,54.45
R1_libvariants_map2,lib_repair,map2,original,6,0.0,0,2000,4,276,48,529,0,529,25,61.28
R2_scripted_map2,scripted_original,map2,original,6,0.0,0,2000,4,271,36,1038,587,451,28,71.83
R2_scripted_map2,scripted_alternative,map2,alternative,6,0.0,0,2000,4,291,16,369,0,369,13,68.24
R3_prioritized_map2,prioritized,map2,prioritized,8,0.0,0,2000,4,683,0,81,0,81,772,3.35
R1_libvariants_map2,lib_filter,map2,original,8,0.0,0,2000,4,358,109,1046,0,1046,113,54.88
R4_online_cap300_map2,online_cap300,map2,rrt_online,8,0.0,0,2000,4,569,724,1012,0,1012,1747,25.12
R4_online_cap1000_map2,online_cap1000,map2,rrt_online,8,0.0,0,2000,4,416,88,846,0,846,917,40.44
R5_transfer_map3,hybrid_original,map3,original,8,0.0,0,2000,3,142,466,4386,3646,740,158,317.13
R1_libvariants_map2,lib_repair,map2,original,8,0.0,0,2000,4,353,103,1113,0,1113,34,89.92
R5_transfer_map3,hybrid_original,map3,original,4,0.0,0,2000,4,75,213,1916,1781,135,70,134.83
R1_libvariants_map2,lib_regen,map2,original,8,0.0,0,2000,4,423,72,869,0,869,21,77.77
R5_transfer_map3,hybrid_map3lib,map3,map3lib,6,0.0,0,2000,4,273,63,677,0,677,34,114.94
R3_prioritized_map2,prioritized,map2,prioritized,10,0.0,0,2000,4,854,1,107,0,107,972,4.24
R2_scripted_map2,scripted_alternative,map2,alternative,8,0.0,0,2000,4,374,25,843,0,843,16,94.7
R2_scripted_map2,scripted_original,map2,original,8,0.0,0,2000,4,349,68,1616,831,785,49,105.37
R4_online_cap300_map2,online_cap300,map2,rrt_online,10,0.0,0,2000,4,701,1020,1633,0,1633,2563,32.58
R4_online_cap1000_map2,online_cap1000,map2,rrt_online,10,0.0,0,2000,4,517,165,1498,0,1498,1410,56.83
R1_libvariants_map2,lib_filter,map2,original,10,0.0,0,2000,4,424,160,1594,0,1594,154,95.15
R5_transfer_map3,hybrid_map3lib,map3,map3lib,10,0.0,0,2000,3,408,150,2129,0,2129,91,323.42
R1_libvariants_map2,lib_filter,map2,original,2,0.0,0,2000,5,104,12,25,0,25,19,7.11
R5_transfer_map3,hybrid_original,map3,original,6,0.0,0,2000,4,84,357,3245,2864,381,104,208.45
R1_libvariants_map2,lib_repair,map2,original,2,0.0,0,2000,5,95,13,30,0,30,4,12.08
R1_libvariants_map2,lib_regen,map2,original,10,0.0,0,2000,4,534,105,1328,0,1328,31,105.64
R3_prioritized_map2,prioritized,map2,prioritized,2,0.0,0,2000,5,172,1,1,0,1,176,1.27
R1_libvariants_map2,lib_repair,map2,original,10,0.0,0,2000,4,440,119,1714,0,1714,50,118.79
R4_online_cap300_map2,online_cap300,map2,rrt_online,2,0.0,0,2000,5,139,117,57,0,57,282,4.67
R1_libvariants_map2,lib_regen,map2,original,2,0.0,0,2000,5,115,8,24,0,24,3,13.64
R4_online_cap1000_map2,online_cap1000,map2,rrt_online,2,0.0,0,2000,5,123,4,13,0,13,139,5.34
R2_scripted_map2,scripted_original,map2,original,2,0.0,0,2000,5,106,7,200,191,9,8,18.91
R2_scripted_map2,scripted_alternative,map2,alternative,2,0.0,0,2000,5,86,1,28,0,28,7,14.05
R1_libvariants_map2,lib_filter,map2,original,4,0.0,0,2000,5,199,38,192,0,192,35,21.25
R2_scripted_map2,scripted_original,map2,original,10,0.0,0,2000,4,425,93,2618,1007,1611,50,138.18
R2_scripted_map2,scripted_alternative,map2,alternative,10,0.0,0,2000,4,424,41,1624,0,1624,30,127.63
R3_prioritized_map2,prioritized,map2,prioritized,4,0.0,0,2000,5,353,1,17,0,17,374,1.78
R5_transfer_map3,hybrid_map3lib,map3,map3lib,2,0.0,0,2000,5,90,14,32,0,32,13,21.49
R5_transfer_map3,hybrid_original,map3,original,10,0.0,0,2000,3,150,630,6020,4718,1302,186,402.99
R5_transfer_map3,hybrid_map3lib,map3,map3lib,8,0.0,0,2000,4,326,95,1258,0,1258,66,163.64
R4_online_cap300_map2,online_cap300,map2,rrt_online,4,0.0,0,2000,5,287,275,249,0,249,670,9.89
R1_libvariants_map2,lib_repair,map2,original,4,0.0,0,2000,5,179,38,290,0,290,15,33.34
R4_online_cap1000_map2,online_cap1000,map2,rrt_online,4,0.0,0,2000,5,220,20,210,0,210,323,12.9
R1_libvariants_map2,lib_regen,map2,original,4,0.0,0,2000,5,234,28,189,0,189,8,30.91
R5_transfer_map3,hybrid_original,map3,original,2,0.0,0,2000,5,29,114,1041,1015,26,31,51.06
R3_prioritized_map2,prioritized,map2,prioritized,6,0.0,0,2000,5,519,2,37,0,37,564,3.29
R2_scripted_map2,scripted_original,map2,original,4,0.0,0,2000,5,194,26,543,373,170,15,47.39
R2_scripted_map2,scripted_alternative,map2,alternative,4,0.0,0,2000,5,188,8,161,0,161,5,36.48
R4_online_cap300_map2,online_cap300,map2,rrt_online,6,0.0,0,2000,5,434,508,613,0,613,1240,17.61
R4_online_cap1000_map2,online_cap1000,map2,rrt_online,6,0.0,0,2000,5,321,64,454,0,454,613,25.77
R1_libvariants_map2,lib_filter,map2,original,6,0.0,0,2000,5,263,66,642,0,642,69,49.4
R1_libvariants_map2,lib_regen,map2,original,6,0.0,0,2000,5,327,43,433,0,433,14,52.26
R5_transfer_map3,hybrid_map3lib,map3,map3lib,4,0.0,0,2000,5,185,34,307,0,307,28,69.27
R2_scripted_map2,scripted_alternative,map2,alternative,6,0.0,0,2000,5,279,9,452,0,452,6,61.5
R1_libvariants_map2,lib_repair,map2,original,6,0.0,0,2000,5,289,50,573,0,573,28,69.3
R2_scripted_map2,scripted_original,map2,original,6,0.0,0,2000,5,284,45,1173,689,484,25,69.05
R3_prioritized_map2,prioritized,map2,prioritized,8,0.0,0,2000,5,695,3,92,0,92,798,4.42
R4_online_cap300_map2,online_cap300,map2,rrt_online,8,0.0,0,2000,5,552,751,1089,0,1089,1843,26.14
R1_libvariants_map2,lib_filter,map2,original,8,0.0,0,2000,5,360,91,978,0,978,115,53.8
R4_online_cap1000_map2,online_cap1000,map2,rrt_online,8,0.0,0,2000,5,440,102,895,0,895,992,39.39
R5_transfer_map3,hybrid_original,map3,original,4,0.0,0,2000,5,73,224,2006,1794,212,65,126.57
R1_libvariants_map2,lib_repair,map2,original,8,0.0,0,2000,5,369,72,811,0,811,28,78.9
R1_libvariants_map2,lib_regen,map2,original,8,0.0,0,2000,5,426,78,898,0,898,32,79.34
R5_transfer_map3,hybrid_original,map3,original,8,0.0,0,2000,4,120,465,4440,3681,759,164,351.06
R2_scripted_map2,scripted_alternative,map2,alternative,8,0.0,0,2000,5,355,32,972,0,972,15,94.38
R5_transfer_map3,hybrid_map3lib,map3,map3lib,6,0.0,0,2000,5,272,55,570,0,570,59,131.4
R3_prioritized_map2,prioritized,map2,prioritized,10,0.0,0,2000,5,857,5,130,0,130,1002,6.76
R2_scripted_map2,scripted_original,map2,original,8,0.0,0,2000,5,354,69,1777,903,874,36,110.62
R1_libvariants_map2,lib_filter,map2,original,10,0.0,0,2000,5,417,148,1542,0,1542,160,69.67
R4_online_cap300_map2,online_cap300,map2,rrt_online,10,0.0,0,2000,5,714,1005,1489,0,1489,2417,31.55
R5_transfer_map3,hybrid_map3lib,map3,map3lib,10,0.0,0,2000,4,432,151,1974,0,1974,90,302.58
R1_libvariants_map2,lib_filter,map2,original,2,0.0,0,2000,6,97,15,52,0,52,15,7.48
R4_online_cap1000_map2,online_cap1000,map2,rrt_online,10,0.0,0,2000,5,508,145,1297,0,1297,1236,50.85
R1_libvariants_map2,lib_repair,map2,original,2,0.0,0,2000,6,96,10,17,0,17,7,11.87
R1_libvariants_map2,lib_repair,map2,original,10,0.0,0,2000,5,409,104,1621,0,1621,58,111.9
R3_prioritized_map2,prioritized,map2,prioritized,2,0.0,0,2000,6,170,1,5,0,5,178,1.19
R1_libvariants_map2,lib_regen,map2,original,2,0.0,0,2000,6,117,7,29,0,29,2,14.3
R4_online_cap1000_map2,online_cap1000,map2,rrt_online,2,0.0,0,2000,6,121,6,28,0,28,142,5.07
R4_online_cap300_map2,online_cap300,map2,rrt_online,2,0.0,0,2000,6,153,124,25,0,25,290,4.6
R2_scripted_map2,scripted_original,map2,original,2,0.0,0,2000,6,102,3,208,158,50,6,17.4
R1_libvariants_map2,lib_regen,map2,original,10,0.0,0,2000,5,528,120,1402,0,1402,35,114.68
R2_scripted_map2,scripted_alternative,map2,alternative,2,0.0,0,2000,6,93,2,32,0,32,1,15.98
R2_scripted_map2,scripted_original,map2,original,10,0.0,0,2000,5,430,84,2177,865,1312,58,126.39
R1_libvariants_map2,lib_filter,map2,original,4,0.0,0,2000,6,197,39,269,0,269,37,22.64
R5_transfer_map3,hybrid_map3lib,map3,map3lib,2,0.0,0,2000,6,88,14,59,0,59,13,22.88
R3_prioritized_map2,prioritized,map2,prioritized,4,0.0,0,2000,6,353,2,11,0,11,370,2.48
R5_transfer_map3,hybrid_original,map3,original,6,0.0,0,2000,5,81,367,3264,2865,399,117,248.71
R1_libvariants_map2,lib_repair,map2,original,4,0.0,0,2000,6,195,27,182,0,182,6,29.53
R5_transfer_map3,hybrid_original,map3,original,10,0.0,0,2000,4,158,626,5908,4691,1217,194,410.75
R4_online_cap300_map2,online_cap300,map2,rrt_online,4,0.0,0,2000,6,294,279,197,0,197,675,10.26
R4_online_cap1000_map2,online_cap1000,map2,rrt_online,4,0.0,0,2000,6,235,15,174,0,174,342,13.48
R2_scripted_map2,scripted_alternative,map2,alternative,10,0.0,0,2000,5,427,53,1512,0,1512,32,129.44
R1_libvariants_map2,lib_regen,map2,original,4,0.0,0,2000,6,234,16,151,0,151,17,34.51
R5_transfer_map3,hybrid_map3lib,map3,map3lib,8,0.0,0,2000,5,317,110,1312,0,1312,69,205.45
R5_transfer_map3,hybrid_original,map3,original,2,0.0,0,2000,6,39,97,850,834,16,38,69.24
R3_prioritized_map2,prioritized,map2,prioritized,6,0.0,0,2000,6,524,4,31,0,31,565,4.14
R2_scripted_map2,scripted_alternative,map2,alternative,4,0.0,0,2000,6,185,9,203,0,203,3,35.95
R2_scripted_map2,scripted_original,map2,original,4,0.0,0,2000,6,193,25,519,351,168,17,51.18
R1_libvariants_map2,lib_filter,map2,original,6,0.0,0,2000,6,283,77,602,0,602,73,32.91
R4_online_cap300_map2,online_cap300,map2,rrt_online,6,0.0,0,2000,6,421,466,488,0,488,1135,16.63
R4_online_cap1000_map2,online_cap1000,map2,rrt_online,6,0.0,0,2000,6,332,49,462,0,462,633,23.42
R1_libvariants_map2,lib_regen,map2,original,6,0.0,0,2000,6,326,48,490,0,490,12,55.86
R5_transfer_map3,hybrid_map3lib,map3,map3lib,4,0.0,0,2000,6,175,43,238,0,238,27,60.63
R1_libvariants_map2,lib_repair,map2,original,6,0.0,0,2000,6,295,43,585,0,585,20,61.5
R5_transfer_map3,hybrid_original,map3,original,8,0.0,0,2000,5,123,475,4514,3757,757,129,262.53
R3_prioritized_map2,prioritized,map2,prioritized,8,0.0,0,2000,6,696,5,76,0,76,784,5.61
R2_scripted_map2,scripted_original,map2,original,6,0.0,0,2000,6,272,43,1154,574,580,16,71.07
R2_scripted_map2,scripted_alternative,map2,alternative,6,0.0,0,2000,6,268,16,533,0,533,15,63.59
R1_libvariants_map2,lib_filter,map2,original,8,0.0,0,2000,6,373,91,926,0,926,114,47.88
R4_online_cap300_map2,online_cap300,map2,rrt_online,8,0.0,0,2000,6,556,746,1059,0,1059,1814,23.81
R4_online_cap1000_map2,online_cap1000,map2,rrt_online,8,0.0,0,2000,6,427,96,868,0,868,933,35.53
R5_transfer_map3,hybrid_original,map3,original,4,0.0,0,2000,6,58,241,2042,1888,154,58,127.31
R1_libvariants_map2,lib_regen,map2,original,8,0.0,0,2000,6,443,64,800,0,800,27,74.03
R1_libvariants_map2,lib_repair,map2,original,8,0.0,0,2000,6,346,90,1076,0,1076,38,98.82
R2_scripted_map2,scripted_alternative,map2,alternative,8,0.0,0,2000,6,375,34,881,0,881,14,88.93
R3_prioritized_map2,prioritized,map2,prioritized,10,0.0,0,2000,6,870,8,108,0,108,995,8.17
R2_scripted_map2,scripted_original,map2,original,8,0.0,0,2000,6,345,69,1700,745,955,34,107.48
R5_transfer_map3,hybrid_map3lib,map3,map3lib,6,0.0,0,2000,6,266,64,606,0,606,66,133.72
R1_libvariants_map2,lib_filter,map2,original,10,0.0,0,2000,6,430,148,1631,0,1631,153,98.33
R4_online_cap300_map2,online_cap300,map2,rrt_online,10,0.0,0,2000,6,701,1011,1646,0,1646,2490,31.89
R1_libvariants_map2,lib_filter,map2,original,2,0.0,0,2000,7,99,16,73,0,73,16,7.97
R4_online_cap1000_map2,online_cap1000,map2,rrt_online,10,0.0,0,2000,6,494,133,1354,0,1354,1302,55.15
R5_transfer_map3,hybrid_map3lib,map3,map3lib,10,0.0,0,2000,5,415,136,2110,0,2110,122,330.75
R1_libvariants_map2,lib_repair,map2,original,10,0.0,0,2000,6,409,124,1638,0,1638,48,126.03
R1_libvariants_map2,lib_regen,map2,original,10,0.0,0,2000,6,510,127,1538,0,1538,40,113.33
R3_prioritized_map2,prioritized,map2,prioritized,2,0.0,0,2000,7,173,0,5,0,5,180,0.49
R5_transfer_map3,hybrid_original,map3,original,6,0.0,0,2000,6,94,351,3228,2865,363,103,207.2
R1_libvariants_map2,lib_regen,map2,original,2,0.0,0,2000,7,116,11,27,0,27,7,14.23
R1_libvariants_map2,lib_repair,map2,original,2,0.0,0,2000,7,94,15,64,0,64,9,20.17
R4_online_cap300_map2,online_cap300,map2,rrt_online,2,0.0,0,2000,7,148,134,38,0,38,303,4.86
R4_online_cap1000_map2,online_cap1000,map2,rrt_online,2,0.0,0,2000,7,120,8,20,0,20,139,5.57
R2_scripted_map2,scripted_original,map2,original,2,0.0,0,2000,7,90,13,287,255,32,7,18.64
R2_scripted_map2,scripted_alternative,map2,alternative,2,0.0,0,2000,7,103,0,26,0,26,1,15.98
R1_libvariants_map2,lib_filter,map2,original,4,0.0,0,2000,7,198,33,153,0,153,42,16.05
R5_transfer_map3,hybrid_map3lib,map3,map3lib,2,0.0,0,2000,7,86,10,38,0,38,9,19.2
R5_transfer_map3,hybrid_original,map3,original,10,0.0,0,2000,5,165,629,5933,4644,1289,193,387.63
R3_prioritized_map2,prioritized,map2,prioritized,4,0.0,0,2000,7,343,1,23,0,23,371,1.85
R2_scripted_map2,scripted_alternative,map2,alternative,10,0.0,0,2000,6,443,36,1201,0,1201,21,120.09
R1_libvariants_map2,lib_repair,map2,original,4,0.0,0,2000,7,186,28,148,0,148,16,28.89
R2_scripted_map2,scripted_original,map2,original,10,0.0,0,2000,6,413,102,2662,1085,1577,40,139.37
R4_online_cap300_map2,online_cap300,map2,rrt_online,4,0.0,0,2000,7,285,289,281,0,281,702,11.33
R4_online_cap1000_map2,online_cap1000,map2,rrt_online,4,0.0,0,2000,7,244,25,199,0,199,367,14.63
R1_libvariants_map2,lib_regen,map2,original,4,0.0,0,2000,7,237,28,183,0,183,9,32.19
R5_transfer_map3,hybrid_map3lib,map3,map3lib,8,0.0,0,2000,6,328,99,1473,0,1473,82,206.87
R5_transfer_map3,hybrid_original,map3,original,2,0.0,0,2000,7,35,112,982,963,19,35,65.69
R2_scripted_map2,scripted_alternative,map2,alternative,4,0.0,0,2000,7,195,11,167,0,167,1,38.19
R3_prioritized_map2,prioritized,map2,prioritized,6,0.0,0,2000,7,516,1,35,0,35,557,2.53
R2_scripted_map2,scripted_original,map2,original,4,0.0,0,2000,7,187,14,555,351,204,14,47.05
R1_libvariants_map2,lib_filter,map2,original,6,0.0,0,2000,7,286,58,557,0,557,68,34.52
R4_online_cap300_map2,online_cap300,map2,rrt_online,6,0.0,0,2000,7,421,502,658,0,658,1242,17.66
R4_online_cap1000_map2,online_cap1000,map2,rrt_online,6,0.0,0,2000,7,328,50,438,0,438,614,24.44
R1_libvariants_map2,lib_repair,map2,original,6,0.0,0,2000,7,284,47,504,0,504,27,51.32
R1_libvariants_map2,lib_regen,map2,original,6,0.0,0,2000,7,312,45,542,0,542,18,52.61
R5_transfer_map3,hybrid_map3lib,map3,map3lib,4,0.0,0,2000,7,190,40,257,0,257,27,71.02
R2_scripted_map2,scripted_original,map2,original,6,0.0,0,2000,7,252,42,1110,659,451,30,69.76
R3_prioritized_map2,prioritized,map2,prioritized,8,0.0,0,2000,7,689,4,92,0,92,793,5.4
R2_scripted_map2,scripted_alternative,map2,alternative,6,0.0,0,2000,7,264,18,448,0,448,10,64.42
R1_libvariants_map2,lib_filter,map2,original,8,0.0,0,2000,7,339,106,1179,0,1179,119,46.33
R5_transfer_map3,hybrid_original,map3,original,8,0.0,0,2000,6,128,495,4507,3755,752,135,309.36
R4_online_cap300_map2,online_cap300,map2,rrt_online,8,0.0,0,2000,7,546,707,1007,0,1007,1739,23.52
R5_transfer_map3,hybrid_original,map3,original,4,0.0,0,2000,7,74,223,2004,1872,132,67,122.39
R4_online_cap1000_map2,online_cap1000,map2,rrt_online,8,0.0,0,2000,7,411,72,867,0,867,909,37.31
R1_libvariants_map2,lib_repair,map2,original,8,0.0,0,2000,7,351,75,1011,0,1011,38,74.84
R1_libvariants_map2,lib_regen,map2,original,8,0.0,0,2000,7,413,84,1011,0,1011,34,82.2
R2_scripted_map2,scripted_alternative,map2,alternative,8,0.0,0,2000,7,349,32,908,0,908,21,92.99
R5_transfer_map3,hybrid_map3lib,map3,map3lib,6,0.0,0,2000,7,258,48,634,0,634,56,137.62
R3_prioritized_map2,prioritized,map2,prioritized,10,0.0,0,2000,7,865,4,124,0,124,1003,5.73
R1_libvariants_map2,lib_filter,map2,original,10,0.0,0,2000,7,419,137,1477,0,1477,162,66.85
R2_scripted_map2,scripted_original,map2,original,8,0.0,0,2000,7,347,65,1716,845,871,42,125.58
R5_transfer_map3,hybrid_map3lib,map3,map3lib,10,0.0,0,2000,6,430,114,1853,0,1853,99,288.65
R4_online_cap300_map2,online_cap300,map2,rrt_online,10,0.0,0,2000,7,693,1034,1619,0,1619,2548,32.65
R1_libvariants_map2,lib_filter,map2,original,2,0.0,0,2000,8,100,11,62,0,62,13,7.25
R1_libvariants_map2,lib_repair,map2,original,2,0.0,0,2000,8,90,14,55,0,55,2,13.25
R1_libvariants_map2,lib_repair,map2,original,10,0.0,0,2000,7,411,146,1702,0,1702,57,109.68
R1_libvariants_map2,lib_regen,map2,original,10,0.0,0,2000,7,499,116,1375,0,1375,44,108.54
R3_prioritized_map2,prioritized,map2,prioritized,2,0.0,0,2000,8,168,0,4,0,4,174,0.85
R4_online_cap1000_map2,online_cap1000,map2,rrt_online,10,0.0,0,2000,7,481,166,1428,0,1428,1360,57.96
R4_online_cap1000_map2,online_cap1000,map2,rrt_online,2,0.0,0,2000,8,124,5,22,0,22,143,5.35
R4_online_cap300_map2,online_cap300,map2,rrt_online,2,0.0,0,2000,8,135,101,68,0,68,270,4.76
R1_libvariants_map2,lib_regen,map2,original,2,0.0,0,2000,8,120,5,25,0,25,6,13.36
R2_scripted_map2,scripted_alternative,map2,alternative,2,0.0,0,2000,8,95,0,32,0,32,4,14.54
R2_scripted_map2,scripted_original,map2,original,2,0.0,0,2000,8,97,15,304,266,38,12,31.37
R2_scripted_map2,scripted_original,map2,original,10,0.0,0,2000,7,423,90,2443,1055,1388,54,130.44
R5_transfer_map3,hybrid_original,map3,original,6,0.0,0,2000,7,69,378,3492,3072,420,97,239.04
R5_transfer_map3,hybrid_original,map3,original,10,0.0,0,2000,6,158,631,5910,4736,1174,181,386.0
R5_transfer_map3,hybrid_map3lib,map3,map3lib,2,0.0,0,2000,8,90,12,73,0,73,18,24.91
R3_prioritized_map2,prioritized,map2,prioritized,4,0.0,0,2000,8,340,1,18,0,18,363,2.1
R2_scripted_map2,scripted_alternative,map2,alternative,10,0.0,0,2000,7,427,38,1440,0,1440,36,123.66
R1_libvariants_map2,lib_filter,map2,original,4,0.0,0,2000,8,192,36,253,0,253,39,27.76
R4_online_cap300_map2,online_cap300,map2,rrt_online,4,0.0,0,2000,8,295,236,204,0,204,639,9.61
R4_online_cap1000_map2,online_cap1000,map2,rrt_online,4,0.0,0,2000,8,241,19,191,0,191,372,13.37
R1_libvariants_map2,lib_repair,map2,original,4,0.0,0,2000,8,182,25,230,0,230,11,29.39
R1_libvariants_map2,lib_regen,map2,original,4,0.0,0,2000,8,221,24,171,0,171,10,30.05
R5_transfer_map3,hybrid_map3lib,map3,map3lib,8,0.0,0,2000,7,344,85,1168,0,1168,82,195.34
R2_scripted_map2,scripted_original,map2,original,4,0.0,0,2000,8,188,28,610,453,157,17,40.39
R1_libvariants_map2,lib_filter,map2,original,6,0.0,0,2000,8,273,62,513,0,513,81,26.59
R3_prioritized_map2,prioritized,map2,prioritized,6,0.0,0,2000,8,520,0,33,0,33,558,2.12
R2_scripted_map2,scripted_alternative,map2,alternative,4,0.0,0,2000,8,189,8,295,0,295,7,39.26
R5_transfer_map3,hybrid_original,map3,original,2,0.0,0,2000,8,42,109,1003,958,45,30,75.84
R4_online_cap300_map2,online_cap300,map2,rrt_online,6,0.0,0,2000,8,409,501,566,0,566,1183,17.08
R4_online_cap1000_map2,online_cap1000,map2,rrt_online,6,0.0,0,2000,8,351,62,399,0,399,608,24.48
R5_transfer_map3,hybrid_map3lib,map3,map3lib,4,0.0,0,2000,8,172,41,350,0,350,25,59.55
R1_libvariants_map2,lib_repair,map2,original,6,0.0,0,2000,8,279,58,508,0,508,29,51.92
R1_libvariants_map2,lib_regen,map2,original,6,0.0,0,2000,8,323,49,494,0,494,19,51.24
R2_scripted_map2,scripted_alternative,map2,alternative,6,0.0,0,2000,8,282,13,498,0,498,10,64.77
R3_prioritized_map2,prioritized,map2,prioritized,8,0.0,0,2000,8,691,0,71,0,71,769,3.02
R2_scripted_map2,scripted_original,map2,original,6,0.0,0,2000,8,268,45,1127,707,420,33,81.82
R1_libvariants_map2,lib_filter,map2,original,8,0.0,0,2000,8,354,91,890,0,890,120,59.87
R5_transfer_map3,hybrid_original,map3,original,8,0.0,0,2000,7,105,484,4487,3754,733,146,316.85
R4_online_cap300_map2,online_cap300,map2,rrt_online,8,0.0,0,2000,8,550,676,1007,0,1007,1693,27.28
R5_transfer_map3,hybrid_original,map3,original,4,0.0,0,2000,8,70,218,2045,1860,185,66,138.68
R4_online_cap1000_map2,online_cap1000,map2,rrt_online,8,0.0,0,2000,8,429,93,761,0,761,899,38.93
R1_libvariants_map2,lib_regen,map2,original,8,0.0,0,2000,8,442,86,732,0,732,17,83.9
R1_libvariants_map2,lib_repair,map2,original,8,0.0,0,2000,8,346,76,881,0,881,45,88.93
R2_scripted_map2,scripted_alternative,map2,alternative,8,0.0,0,2000,8,354,38,889,0,889,16,98.59
R5_transfer_map3,hybrid_map3lib,map3,map3lib,6,0.0,0,2000,8,244,67,855,0,855,44,130.54
R3_prioritized_map2,prioritized,map2,prioritized,10,0.0,0,2000,8,850,3,123,0,123,986,5.79
R2_scripted_map2,scripted_original,map2,original,8,0.0,0,2000,8,342,74,1750,802,948,35,127.81
R5_transfer_map3,hybrid_map3lib,map3,map3lib,10,0.0,0,2000,7,417,145,1866,0,1866,94,291.35
R4_online_cap300_map2,online_cap300,map2,rrt_online,10,0.0,0,2000,8,680,1047,1576,0,1576,2480,31.92
R1_libvariants_map2,lib_filter,map2,original,2,0.0,0,2000,9,102,11,26,0,26,14,7.11
R4_online_cap1000_map2,online_cap1000,map2,rrt_online,10,0.0,0,2000,8,503,143,1459,0,1459,1340,54.35
R1_libvariants_map2,lib_filter,map2,original,10,0.0,0,2000,8,431,147,1537,0,1537,154,89.71
R1_libvariants_map2,lib_repair,map2,original,2,0.0,0,2000,9,101,8,48,0,48,8,13.37
R1_libvariants_map2,lib_regen,map2,original,2,0.0,0,2000,9,117,8,23,0,23,2,11.43
R3_prioritized_map2,prioritized,map2,prioritized,2,0.0,0,2000,9,180,0,6,0,6,188,0.74
R4_online_cap1000_map2,online_cap1000,map2,rrt_online,2,0.0,0,2000,9,117,7,12,0,12,132,5.26
R2_scripted_map2,scripted_original,map2,original,2,0.0,0,2000,9,87,6,260,240,20,6,17.37
R4_online_cap300_map2,online_cap300,map2,rrt_online,2,0.0,0,2000,9,146,114,65,0,65,292,4.98
R1_libvariants_map2,lib_regen,map2,original,10,0.0,0,2000,8,537,105,1240,0,1240,51,111.69
R1_libvariants_map2,lib_repair,map2,original,10,0.0,0,2000,8,430,112,1596,0,1596,40,122.24
R2_scripted_map2,scripted_alternative,map2,alternative,2,0.0,0,2000,9,103,2,61,0,61,9,16.74
R5_transfer_map3,hybrid_map3lib,map3,map3lib,2,0.0,0,2000,9,83,12,42,0,42,11,17.61
R5_transfer_map3,hybrid_original,map3,original,6,0.0,0,2000,8,71,368,3544,3031,513,84,246.54
R2_scripted_map2,scripted_alternative,map2,alternative,10,0.0,0,2000,8,435,55,1583,0,1583,25,127.85
R3_prioritized_map2,prioritized,map2,prioritized,4,0.0,0,2000,9,351,0,14,0,14,369,1.25
R1_libvariants_map2,lib_filter,map2,original,4,0.0,0,2000,9,185,27,202,0,202,46,25.98
R2_scripted_map2,scripted_original,map2,original,10,0.0,0,2000,8,433,99,2434,1091,1343,46,142.96
R1_libvariants_map2,lib_repair,map2,original,4,0.0,0,2000,9,187,30,247,0,247,11,30.2
R1_libvariants_map2,lib_regen,map2,original,4,0.0,0,2000,9,220,25,217,0,217,10,29.64
R4_online_cap300_map2,online_cap300,map2,rrt_online,4,0.0,0,2000,9,286,264,241,0,241,679,10.47
R5_transfer_map3,hybrid_original,map3,original,10,0.0,0,2000,7,170,605,5549,4436,1113,191,397.25
R4_online_cap1000_map2,online_cap1000,map2,rrt_online,4,0.0,0,2000,9,243,26,157,0,157,351,14.26
R5_transfer_map3,hybrid_original,map3,original,2,0.0,0,2000,9,45,97,866,852,14,26,62.5
R2_scripted_map2,scripted_alternative,map2,alternative,4,0.0,0,2000,9,190,8,177,0,177,8,35.53
R3_prioritized_map2,prioritized,map2,prioritized,6,0.0,0,2000,9,514,2,34,0,34,556,3.28
R5_transfer_map3,hybrid_map3lib,map3,map3lib,8,0.0,0,2000,8,329,93,1248,0,1248,64,191.78
R2_scripted_map2,scripted_original,map2,original,4,0.0,0,2000,9,194,24,596,425,171,14,47.0
R1_libvariants_map2,lib_filter,map2,original,6,0.0,0,2000,9,278,79,661,0,661,71,28.03
R4_online_cap300_map2,online_cap300,map2,rrt_online,6,0.0,0,2000,9,427,475,576,0,576,1180,16.48
R4_online_cap1000_map2,online_cap1000,map2,rrt_online,6,0.0,0,2000,9,341,58,424,0,424,612,23.34
R1_libvariants_map2,lib_repair,map2,original,6,0.0,0,2000,9,270,45,577,0,577,28,54.11
R1_libvariants_map2,lib_regen,map2,original,6,0.0,0,2000,9,321,49,512,0,512,17,57.16
R5_transfer_map3,hybrid_map3lib,map3,map3lib,4,0.0,0,2000,9,186,45,296,0,296,22,62.14
R2_scripted_map2,scripted_original,map2,original,6,0.0,0,2000,9,262,55,1149,623,526,31,83.4
R2_scripted_map2,scripted_alternative,map2,alternative,6,0.0,0,2000,9,282,12,491,0,491,11,66.51
R3_prioritized_map2,prioritized,map2,prioritized,8,0.0,0,2000,9,685,3,80,0,80,775,4.89
R1_libvariants_map2,lib_filter,map2,original,8,0.0,0,2000,9,369,79,965,0,965,128,57.67
R4_online_cap300_map2,online_cap300,map2,rrt_online,8,0.0,0,2000,9,568,840,1010,0,1010,1922,25.87
R4_online_cap1000_map2,online_cap1000,map2,rrt_online,8,0.0,0,2000,9,431,81,793,0,793,871,34.31
R5_transfer_map3,hybrid_original,map3,original,4,0.0,0,2000,9,68,232,2114,1991,123,61,136.73
R1_libvariants_map2,lib_repair,map2,original,8,0.0,0,2000,9,342,89,1148,0,1148,44,88.39
R1_libvariants_map2,lib_regen,map2,original,8,0.0,0,2000,9,425,75,929,0,929,28,84.21
R5_transfer_map3,hybrid_original,map3,original,8,0.0,0,2000,8,122,521,4562,3749,813,129,332.04
R2_scripted_map2,scripted_alternative,map2,alternative,8,0.0,0,2000,9,364,22,819,0,819,15,85.7
R5_transfer_map3,hybrid_map3lib,map3,map3lib,6,0.0,0,2000,9,271,73,681,0,681,45,125.54
R3_prioritized_map2,prioritized,map2,prioritized,10,0.0,0,2000,9,848,6,122,0,122,986,6.85
R2_scripted_map2,scripted_original,map2,original,8,0.0,0,2000,9,362,58,1522,680,842,39,118.58
R5_transfer_map3,hybrid_map3lib,map3,map3lib,10,0.0,0,2000,8,394,153,2208,0,2208,80,281.4
R4_online_cap300_map2,online_cap300,map2,rrt_online,10,0.0,0,2000,9,686,1085,1754,0,1754,2635,31.52
R1_libvariants_map2,lib_filter,map2,original,10,0.0,0,2000,9,441,134,1565,0,1565,147,79.35
R1_libvariants_map2,lib_filter,map2,original,2,0.0,0,2000,10,97,9,42,0,42,21,11.76
R4_online_cap1000_map2,online_cap1000,map2,rrt_online,10,0.0,0,2000,9,525,150,1284,0,1284,1324,51.21
R1_libvariants_map2,lib_repair,map2,original,2,0.0,0,2000,10,98,6,19,0,19,4,11.05
R1_libvariants_map2,lib_regen,map2,original,2,0.0,0,2000,10,125,3,21,0,21,6,13.42
R3_prioritized_map2,prioritized,map2,prioritized,2,0.0,0,2000,10,169,0,2,0,2,173,0.77
R2_scripted_map2,scripted_original,map2,original,2,0.0,0,2000,10,93,11,315,267,48,8,16.21
R5_transfer_map3,hybrid_original,map3,original,10,0.0,0,2000,8,141,618,5916,4726,1190,170,344.02
R4_online_cap1000_map2,online_cap1000,map2,rrt_online,2,0.0,0,2000,10,111,6,48,0,48,144,5.55
R4_online_cap300_map2,online_cap300,map2,rrt_online,2,0.0,0,2000,10,151,150,40,0,40,321,4.54
R1_libvariants_map2,lib_repair,map2,original,10,0.0,0,2000,9,432,120,1820,0,1820,49,103.6
R2_scripted_map2,scripted_alternative,map2,alternative,2,0.0,0,2000,10,98,1,31,0,31,2,14.61
R1_libvariants_map2,lib_regen,map2,original,10,0.0,0,2000,9,523,121,1410,0,1410,40,111.11
R2_scripted_map2,scripted_alternative,map2,alternative,10,0.0,0,2000,9,438,50,1238,0,1238,23,104.15
R1_libvariants_map2,lib_filter,map2,original,4,0.0,0,2000,10,194,32,209,0,209,50,22.63
R5_transfer_map3,hybrid_original,map3,original,6,0.0,0,2000,9,97,381,3246,2916,330,100,235.68
R3_prioritized_map2,prioritized,map2,prioritized,4,0.0,0,2000,10,331,0,22,0,22,357,1.42
R5_transfer_map3,hybrid_map3lib,map3,map3lib,2,0.0,0,2000,10,94,17,32,0,32,11,26.75
R2_scripted_map2,scripted_original,map2,original,10,0.0,0,2000,9,452,91,2426,992,1434,63,126.35
R4_online_cap300_map2,online_cap300,map2,rrt_online,4,0.0,0,2000,10,289,222,223,0,223,611,8.74
R4_online_cap1000_map2,online_cap1000,map2,rrt_online,4,0.0,0,2000,10,238,25,182,0,182,367,11.89
R1_libvariants_map2,lib_repair,map2,original,4,0.0,0,2000,10,197,31,266,0,266,10,30.72
R1_libvariants_map2,lib_regen,map2,original,4,0.0,0,2000,10,225,25,214,0,214,15,30.4
R5_transfer_map3,hybrid_map3lib,map3,map3lib,8,0.0,0,2000,9,358,91,1266,0,1266,53,170.6
R2_scripted_map2,scripted_original,map2,original,4,0.0,0,2000,10,186,20,671,453,218,14,36.19
R2_scripted_map2,scripted_alternative,map2,alternative,4,0.0,0,2000,10,189,8,203,0,203,7,34.81
R3_prioritized_map2,prioritized,map2,prioritized,6,0.0,0,2000,10,498,3,39,0,39,546,3.74
R5_transfer_map3,hybrid_original,map3,original,2,0.0,0,2000,10,35,115,1032,1017,15,28,66.12
R4_online_cap300_map2,online_cap300,map2,rrt_online,6,0.0,0,2000,10,434,467,450,0,450,1138,14.99
R4_online_cap1000_map2,online_cap1000,map2,rrt_online,6,0.0,0,2000,10,340,41,490,0,490,626,23.6
R1_libvariants_map2,lib_repair,map2,original,6,0.0,0,2000,10,267,58,554,0,554,28,46.41
R1_libvariants_map2,lib_regen,map2,original,6,0.0,0,2000,10,339,43,530,0,530,21,55.04
R1_libvariants_map2,lib_filter,map2,original,6,0.0,0,2000,10,288,59,581,0,581,73,57.92
R5_transfer_map3,hybrid_map3lib,map3,map3lib,4,0.0,0,2000,10,183,44,269,0,269,16,56.66
R2_scripted_map2,scripted_alternative,map2,alternative,6,0.0,0,2000,10,283,14,431,0,431,17,53.45
R2_scripted_map2,scripted_original,map2,original,6,0.0,0,2000,10,271,51,1100,694,406,20,65.39
R3_prioritized_map2,prioritized,map2,prioritized,8,0.0,0,2000,10,681,5,77,0,77,771,5.34
R5_transfer_map3,hybrid_original,map3,original,8,0.0,0,2000,9,122,489,4392,3708,684,141,269.27
R4_online_cap300_map2,online_cap300,map2,rrt_online,8,0.0,0,2000,10,584,744,1023,0,1023,1815,22.29
R1_libvariants_map2,lib_filter,map2,original,8,0.0,0,2000,10,370,101,900,0,900,99,51.54
R4_online_cap1000_map2,online_cap1000,map2,rrt_online,8,0.0,0,2000,10,427,86,763,0,763,897,31.96
R5_transfer_map3,hybrid_original,map3,original,4,0.0,0,2000,10,64,230,2050,1906,144,57,128.62
R1_libvariants_map2,lib_repair,map2,original,8,0.0,0,2000,10,375,87,943,0,943,39,73.49
R1_libvariants_map2,lib_regen,map2,original,8,0.0,0,2000,10,425,89,802,0,802,27,77.45
R2_scripted_map2,scripted_alternative,map2,alternative,8,0.0,0,2000,10,343,26,1041,0,1041,13,87.15
R3_prioritized_map2,prioritized,map2,prioritized,10,0.0,0,2000,10,857,7,134,0,134,1006,7.43
R5_transfer_map3,hybrid_map3lib,map3,map3lib,6,0.0,0,2000,10,270,64,551,0,551,51,118.84
R2_scripted_map2,scripted_original,map2,original,8,0.0,0,2000,10,329,80,1710,892,818,41,100.84
R1_libvariants_map2,lib_filter,map2,original,10,0.0,0,2000,10,449,122,1263,0,1263,140,71.81
R5_transfer_map3,hybrid_map3lib,map3,map3lib,10,0.0,0,2000,9,411,149,2212,0,2212,88,274.94
R4_online_cap300_map2,online_cap300,map2,rrt_online,10,0.0,0,2000,10,693,1096,1636,0,1636,2592,29.42
R1_libvariants_map2,lib_filter,map2,original,2,0.0,0,2000,11,104,11,44,0,44,20,6.35
R5_transfer_map3,hybrid_original,map3,original,6,0.0,0,2000,10,95,339,3178,2804,374,102,169.93
R4_online_cap1000_map2,online_cap1000,map2,rrt_online,10,0.0,0,2000,10,493,148,1395,0,1395,1325,50.74
R1_libvariants_map2,lib_repair,map2,original,2,0.0,0,2000,11,91,9,32,0,32,10,11.72
R3_prioritized_map2,prioritized,map2,prioritized,2,0.0,0,2000,11,175,0,1,0,1,178,0.74
R1_libvariants_map2,lib_regen,map2,original,2,0.0,0,2000,11,116,6,37,0,37,7,12.12
R4_online_cap1000_map2,online_cap1000,map2,rrt_online,2,0.0,0,2000,11,113,10,33,0,33,140,5.5
R4_online_cap300_map2,online_cap300,map2,rrt_online,2,0.0,0,2000,11,146,118,32,0,32,280,4.32
R2_scripted_map2,scripted_original,map2,original,2,0.0,0,2000,11,89,8,256,228,28,9,23.17
R2_scripted_map2,scripted_alternative,map2,alternative,2,0.0,0,2000,11,98,3,23,0,23,4,14.17
R1_libvariants_map2,lib_repair,map2,original,10,0.0,0,2000,10,440,111,1612,0,1612,56,124.24
R1_libvariants_map2,lib_regen,map2,original,10,0.0,0,2000,10,528,113,1422,0,1422,38,109.77
R5_transfer_map3,hybrid_map3lib,map3,map3lib,2,0.0,0,2000,11,99,14,81,0,81,9,18.72
R1_libvariants_map2,lib_filter,map2,original,4,0.0,0,2000,11,199,44,215,0,215,31,20.87
R3_prioritized_map2,prioritized,map2,prioritized,4,0.0,0,2000,11,343,1,14,0,14,362,1.89
R1_libvariants_map2,lib_repair,map2,original,4,0.0,0,2000,11,186,28,185,0,185,12,27.41
R1_libvariants_map2,lib_regen,map2,original,4,0.0,0,2000,11,225,28,222,0,222,9,28.77
R4_online_cap1000_map2,online_cap1000,map2,rrt_online,4,0.0,0,2000,11,232,22,188,0,188,339,12.99
R2_scripted_map2,scripted_original,map2,original,10,0.0,0,2000,10,431,77,2327,968,1359,74,135.21
R2_scripted_map2,scripted_alternative,map2,alternative,10,0.0,0,2000,10,435,36,1464,0,1464,28,124.64
R4_online_cap300_map2,online_cap300,map2,rrt_online,4,0.0,0,2000,11,293,310,231,0,231,708,9.51
R5_transfer_map3,hybrid_original,map3,original,10,0.0,0,2000,9,167,603,5708,4559,1149,174,372.37
R5_transfer_map3,hybrid_map3lib,map3,map3lib,8,0.0,0,2000,10,346,87,1186,0,1186,71,174.74
R5_transfer_map3,hybrid_original,map3,original,2,0.0,0,2000,11,36,123,1026,1011,15,21,59.71
R2_scripted_map2,scripted_original,map2,original,4,0.0,0,2000,11,198,20,552,390,162,13,39.01
R2_scripted_map2,scripted_alternative,map2,alternative,4,0.0,0,2000,11,199,8,187,0,187,4,32.67
R3_prioritized_map2,prioritized,map2,prioritized,6,0.0,0,2000,11,517,4,40,0,40,567,4.27
R1_libvariants_map2,lib_filter,map2,original,6,0.0,0,2000,11,285,53,441,0,441,67,24.33
R4_online_cap300_map2,online_cap300,map2,rrt_online,6,0.0,0,2000,11,415,478,567,0,567,1167,15.56
R4_online_cap1000_map2,online_cap1000,map2,rrt_online,6,0.0,0,2000,11,321,48,450,0,450,586,22.71
R1_libvariants_map2,lib_regen,map2,original,6,0.0,0,2000,11,317,51,497,0,497,23,48.61
R1_libvariants_map2,lib_repair,map2,original,6,0.0,0,2000,11,273,52,643,0,643,30,53.62
R5_transfer_map3,hybrid_map3lib,map3,map3lib,4,0.0,0,2000,11,167,46,297,0,297,32,54.06
R1_libvariants_map2,lib_filter,map2,original,8,0.0,0,2000,11,365,84,942,0,942,116,38.13
R2_scripted_map2,scripted_alternative,map2,alternative,6,0.0,0,2000,11,266,26,590,0,590,6,59.96
R2_scripted_map2,scripted_original,map2,original,6,0.0,0,2000,11,260,58,1276,680,596,32,68.67
R3_prioritized_map2,prioritized,map2,prioritized,8,0.0,0,2000,11,685,5,84,0,84,781,5.81
R4_online_cap300_map2,online_cap300,map2,rrt_online,8,0.0,0,2000,11,540,706,1137,0,1137,1806,21.94
R4_online_cap1000_map2,online_cap1000,map2,rrt_online,8,0.0,0,2000,11,425,103,814,0,814,925,34.87
R1_libvariants_map2,lib_repair,map2,original,8,0.0,0,2000,11,347,90,1081,0,1081,49,78.0
R5_transfer_map3,hybrid_original,map3,original,8,0.0,0,2000,10,124,511,4419,3742,677,143,287.26
R5_transfer_map3,hybrid_original,map3,original,4,0.0,0,2000,11,63,242,2175,1954,221,71,127.03
R1_libvariants_map2,lib_regen,map2,original,8,0.0,0,2000,11,418,73,949,0,949,27,68.43
R2_scripted_map2,scripted_alternative,map2,alternative,8,0.0,0,2000,11,357,22,788,0,788,19,76.73
R3_prioritized_map2,prioritized,map2,prioritized,10,0.0,0,2000,11,856,5,120,0,120,990,6.19
R5_transfer_map3,hybrid_map3lib,map3,map3lib,6,0.0,0,2000,11,273,47,603,0,603,54,114.52
R2_scripted_map2,scripted_original,map2,original,8,0.0,0,2000,11,361,55,1694,730,964,31,87.65
R5_transfer_map3,hybrid_map3lib,map3,map3lib,10,0.0,0,2000,10,420,151,2017,0,2017,90,260.37
R4_online_cap300_map2,online_cap300,map2,rrt_online,10,0.0,0,2000,11,681,1068,1617,0,1617,2549,30.86
R1_libvariants_map2,lib_filter,map2,original,10,0.0,0,2000,11,412,159,1522,0,1522,141,73.98
R4_online_cap1000_map2,online_cap1000,map2,rrt_online,10,0.0,0,2000,11,517,148,1428,0,1428,1344,52.27
R1_libvariants_map2,lib_filter,map2,original,2,0.0,0,2000,12,95,16,38,0,38,19,13.33
R1_libvariants_map2,lib_repair,map2,original,2,0.0,0,2000,12,103,15,31,0,31,3,18.66
R1_libvariants_map2,lib_regen,map2,original,2,0.0,0,2000,12,117,9,40,0,40,1,14.64
R3_prioritized_map2,prioritized,map2,prioritized,2,0.0,0,2000,12,178,0,2,0,2,182,0.57
R2_scripted_map2,scripted_original,map2,original,2,0.0,0,2000,12,97,9,262,243,19,6,17.54
R5_transfer_map3,hybrid_original,map3,original,6,0.0,0,2000,11,108,352,3158,2745,413,99,210.14
R4_online_cap1000_map2,online_cap1000,map2,rrt_online,2,0.0,0,2000,12,122,11,40,0,40,152,6.15
R4_online_cap300_map2,online_cap300,map2,rrt_online,2,0.0,0,2000,12,160,155,27,0,27,330,5.69
R1_libvariants_map2,lib_regen,map2,original,10,0.0,0,2000,11,495,107,1504,0,1504,41,111.88
R2_scripted_map2,scripted_alternative,map2,alternative,2,0.0,0,2000,12,106,2,41,0,41,0,18.06
R1_libvariants_map2,lib_repair,map2,original,10,0.0,0,2000,11,423,115,1467,0,1467,58,124.26
R1_libvariants_map2,lib_filter,map2,original,4,0.0,0,2000,12,194,41,227,0,227,40,22.96
R2_scripted_map2,scripted_alternative,map2,alternative,10,0.0,0,2000,11,422,54,1523,0,1523,17,124.64
R5_transfer_map3,hybrid_map3lib,map3,map3lib,2,0.0,0,2000,12,89,22,15,0,15,13,23.0
R3_prioritized_map2,prioritized,map2,prioritized,4,0.0,0,2000,12,354,0,15,0,15,372,1.3
R2_scripted_map2,scripted_original,map2,original,10,0.0,0,2000,11,417,106,2389,1086,1303,54,130.11
R1_libvariants_map2,lib_repair,map2,original,4,0.0,0,2000,12,187,20,263,0,263,15,29.93
R4_online_cap300_map2,online_cap300,map2,rrt_online,4,0.0,0,2000,12,276,200,246,0,246,589,9.26
R4_online_cap1000_map2,online_cap1000,map2,rrt_online,4,0.0,0,2000,12,221,21,170,0,170,332,14.25
R1_libvariants_map2,lib_regen,map2,original,4,0.0,0,2000,12,234,20,180,0,180,8,29.9
R5_transfer_map3,hybrid_map3lib,map3,map3lib,8,0.0,0,2000,11,346,91,1126,0,1126,77,176.46
R5_transfer_map3,hybrid_original,map3,original,2,0.0,0,2000,12,25,123,1031,1005,26,35,54.91
R2_scripted_map2,scripted_original,map2,original,4,0.0,0,2000,12,190,20,656,419,237,6,43.03
R3_prioritized_map2,prioritized,map2,prioritized,6,0.0,0,2000,12,541,1,38,0,38,586,2.4
R2_scripted_map2,scripted_alternative,map2,alternative,4,0.0,0,2000,12,190,5,195,0,195,7,36.37
R1_libvariants_map2,lib_filter,map2,original,6,0.0,0,2000,12,295,78,395,0,395,71,43.02
R4_online_cap1000_map2,online_cap1000,map2,rrt_online,6,0.0,0,2000,12,330,56,557,0,557,630,23.81
R4_online_cap300_map2,online_cap300,map2,rrt_online,6,0.0,0,2000,12,423,514,560,0,560,1213,16.59
R5_transfer_map3,hybrid_original,map3,original,10,0.0,0,2000,10,144,629,5964,4646,1318,177,431.26
R1_libvariants_map2,lib_repair,map2,original,6,0.0,0,2000,12,282,45,486,0,486,29,53.24
R1_libvariants_map2,lib_regen,map2,original,6,0.0,0,2000,12,334,37,464,0,464,17,51.58
R5_transfer_map3,hybrid_map3lib,map3,map3lib,4,0.0,0,2000,12,177,37,300,0,300,24,63.41
R2_scripted_map2,scripted_alternative,map2,alternative,6,0.0,0,2000,12,275,15,458,0,458,18,57.67
R2_scripted_map2,scripted_original,map2,original,6,0.0,0,2000,12,287,49,1124,667,457,27,69.74
R3_prioritized_map2,prioritized,map2,prioritized,8,0.0,0,2000,12,720,1,83,0,83,811,2.94
R5_transfer_map3,hybrid_original,map3,original,8,0.0,0,2000,11,135,485,4394,3644,750,133,287.51
R1_libvariants_map2,lib_filter,map2,original,8,0.0,0,2000,12,350,97,1017,0,1017,107,43.9
R4_online_cap300_map2,online_cap300,map2,rrt_online,8,0.0,0,2000,12,561,749,1032,0,1032,1829,23.76
R4_online_cap1000_map2,online_cap1000,map2,rrt_online,8,0.0,0,2000,12,418,88,827,0,827,936,36.54
R5_transfer_map3,hybrid_original,map3,original,4,0.0,0,2000,12,70,220,2034,1862,172,69,132.03
R1_libvariants_map2,lib_repair,map2,original,8,0.0,0,2000,12,352,69,1125,0,1125,34,81.35
R1_libvariants_map2,lib_regen,map2,original,8,0.0,0,2000,12,437,78,897,0,897,23,79.36
R2_scripted_map2,scripted_alternative,map2,alternative,8,0.0,0,2000,12,361,29,788,0,788,22,84.97
R3_prioritized_map2,prioritized,map2,prioritized,10,0.0,0,2000,12,896,1,127,0,127,1033,4.29
R2_scripted_map2,scripted_original,map2,original,8,0.0,0,2000,12,355,60,1653,801,852,47,99.23
R5_transfer_map3,hybrid_map3lib,map3,map3lib,6,0.0,0,2000,12,263,71,771,0,771,52,152.14
R5_transfer_map3,hybrid_map3lib,map3,map3lib,10,0.0,0,2000,11,403,129,2212,0,2212,87,315.91
R4_online_cap300_map2,online_cap300,map2,rrt_online,10,0.0,0,2000,12,673,1089,1690,0,1690,2594,58.46
R1_libvariants_map2,lib_filter,map2,original,2,0.0,0,2000,13,96,12,55,0,55,18,13.09
R4_online_cap1000_map2,online_cap1000,map2,rrt_online,10,0.0,0,2000,12,499,157,1323,0,1323,1293,103.92
R1_libvariants_map2,lib_repair,map2,original,2,0.0,0,2000,13,91,11,48,0,48,5,23.45
R1_libvariants_map2,lib_repair,map2,original,10,0.0,0,2000,12,420,138,1723,0,1723,46,167.66
R1_libvariants_map2,lib_filter,map2,original,10,0.0,0,2000,12,458,113,1276,0,1276,147,183.66
R3_prioritized_map2,prioritized,map2,prioritized,2,0.0,0,2000,13,175,0,8,0,8,185,1.43
R4_online_cap1000_map2,online_cap1000,map2,rrt_online,2,0.0,0,2000,13,131,7,15,0,15,146,9.21
R1_libvariants_map2,lib_regen,map2,original,2,0.0,0,2000,13,120,6,47,0,47,2,28.32
R4_online_cap300_map2,online_cap300,map2,rrt_online,2,0.0,0,2000,13,147,116,19,0,19,274,10.39
R1_libvariants_map2,lib_regen,map2,original,10,0.0,0,2000,12,524,118,1513,0,1513,44,185.32
R2_scripted_map2,scripted_original,map2,original,2,0.0,0,2000,13,96,9,230,205,25,5,34.57
R2_scripted_map2,scripted_alternative,map2,alternative,2,0.0,0,2000,13,93,4,54,0,54,2,33.47
R1_libvariants_map2,lib_filter,map2,original,4,0.0,0,2000,13,192,29,237,0,237,49,38.5
R5_transfer_map3,hybrid_map3lib,map3,map3lib,2,0.0,0,2000,13,89,17,48,0,48,16,37.84
R2_scripted_map2,scripted_original,map2,original,10,0.0,0,2000,12,418,94,2478,1053,1425,41,232.29
R3_prioritized_map2,prioritized,map2,prioritized,4,0.0,0,2000,13,354,1,14,0,14,373,2.49
R5_transfer_map3,hybrid_original,map3,original,6,0.0,0,2000,12,98,347,3211,2840,371,112,329.8
R2_scripted_map2,scripted_alternative,map2,alternative,10,0.0,0,2000,12,443,39,1601,0,1601,18,237.53
R4_online_cap1000_map2,online_cap1000,map2,rrt_online,4,0.0,0,2000,13,234,24,243,0,243,362,22.1
R4_online_cap300_map2,online_cap300,map2,rrt_online,4,0.0,0,2000,13,300,285,174,0,174,671,19.67
R1_libvariants_map2,lib_repair,map2,original,4,0.0,0,2000,13,192,23,300,0,300,16,54.37
R5_transfer_map3,hybrid_original,map3,original,10,0.0,0,2000,11,156,628,6012,4879,1133,177,541.25
R1_libvariants_map2,lib_regen,map2,original,4,0.0,0,2000,13,216,24,198,0,198,15,60.65
R5_transfer_map3,hybrid_original,map3,original,2,0.0,0,2000,13,29,114,1052,1037,15,30,127.82
R2_scripted_map2,scripted_alternative,map2,alternative,4,0.0,0,2000,13,198,5,190,0,190,9,72.07
R2_scripted_map2,scripted_original,map2,original,4,0.0,0,2000,13,193,15,642,445,197,14,83.91
R3_prioritized_map2,prioritized,map2,prioritized,6,0.0,0,2000,13,529,1,38,0,38,574,6.22
R5_transfer_map3,hybrid_map3lib,map3,map3lib,8,0.0,0,2000,12,346,77,1188,0,1188,85,364.11
R1_libvariants_map2,lib_filter,map2,original,6,0.0,0,2000,13,275,60,599,0,599,79,61.63
R4_online_cap300_map2,online_cap300,map2,rrt_online,6,0.0,0,2000,13,436,428,462,0,462,1081,33.23
R4_online_cap1000_map2,online_cap1000,map2,rrt_online,6,0.0,0,2000,13,332,44,435,0,435,594,38.75
R1_libvariants_map2,lib_repair,map2,original,6,0.0,0,2000,13,274,56,503,0,503,23,95.54
R1_libvariants_map2,lib_regen,map2,original,6,0.0,0,2000,13,325,47,454,0,454,19,95.19
R5_transfer_map3,hybrid_map3lib,map3,map3lib,4,0.0,0,2000,13,178,35,264,0,264,32,124.87
R2_scripted_map2,scripted_alternative,map2,alternative,6,0.0,0,2000,13,279,19,315,0,315,8,100.6
R3_prioritized_map2,prioritized,map2,prioritized,8,0.0,0,2000,13,703,4,77,0,77,791,10.04
R2_scripted_map2,scripted_original,map2,original,6,0.0,0,2000,13,276,45,1150,630,520,35,149.96
R1_libvariants_map2,lib_filter,map2,original,8,0.0,0,2000,13,354,87,940,0,940,99,105.34
R4_online_cap300_map2,online_cap300,map2,rrt_online,8,0.0,0,2000,13,559,763,1243,0,1243,1893,43.05
R5_transfer_map3,hybrid_original,map3,original,8,0.0,0,2000,12,122,467,4469,3732,737,135,537.11
R5_transfer_map3,hybrid_original,map3,original,4,0.0,0,2000,13,58,239,2173,1978,195,57,244.52
R4_online_cap1000_map2,online_cap1000,map2,rrt_online,8,0.0,0,2000,13,429,91,807,0,807,873,70.55
R1_libvariants_map2,lib_repair,map2,original,8,0.0,0,2000,13,355,87,1008,0,1008,42,138.99
R1_libvariants_map2,lib_regen,map2,original,8,0.0,0,2000,13,425,69,971,0,971,32,154.43
R2_scripted_map2,scripted_alternative,map2,alternative,8,0.0,0,2000,13,359,30,804,0,804,14,166.15
R3_prioritized_map2,prioritized,map2,prioritized,10,0.0,0,2000,13,877,7,96,0,96,990,13.13
R5_transfer_map3,hybrid_map3lib,map3,map3lib,6,0.0,0,2000,13,269,70,754,0,754,52,252.42
R2_scripted_map2,scripted_original,map2,original,8,0.0,0,2000,13,334,81,1908,934,974,39,211.37
R1_libvariants_map2,lib_filter,map2,original,10,0.0,0,2000,13,424,164,1786,0,1786,151,152.01
R4_online_cap300_map2,online_cap300,map2,rrt_online,10,0.0,0,2000,13,686,1059,1546,0,1546,2542,66.42
R1_libvariants_map2,lib_filter,map2,original,2,0.0,0,2000,14,102,11,54,0,54,15,16.02
R5_transfer_map3,hybrid_map3lib,map3,map3lib,10,0.0,0,2000,12,425,132,2157,0,2157,100,622.4
R4_online_cap1000_map2,online_cap1000,map2,rrt_online,10,0.0,0,2000,13,494,138,1375,0,1375,1329,124.94
R1_libvariants_map2,lib_repair,map2,original,10,0.0,0,2000,13,405,128,1798,0,1798,64,227.66
R1_libvariants_map2,lib_repair,map2,original,2,0.0,0,2000,14,95,13,29,0,29,6,31.05
R3_prioritized_map2,prioritized,map2,prioritized,2,0.0,0,2000,14,171,1,2,0,2,176,2.46
R5_transfer_map3,hybrid_original,map3,original,6,0.0,0,2000,13,97,355,3195,2833,362,102,418.11
R1_libvariants_map2,lib_regen,map2,original,2,0.0,0,2000,14,109,7,41,0,41,3,26.3
R4_online_cap1000_map2,online_cap1000,map2,rrt_online,2,0.0,0,2000,14,117,4,52,0,52,155,13.45
R4_online_cap300_map2,online_cap300,map2,rrt_online,2,0.0,0,2000,14,152,130,33,0,33,297,13.82
R2_scripted_map2,scripted_original,map2,original,2,0.0,0,2000,14,94,8,232,200,32,9,46.05
R1_libvariants_map2,lib_regen,map2,original,10,0.0,0,2000,13,518,107,1340,0,1340,36,283.87
R2_scripted_map2,scripted_alternative,map2,alternative,2,0.0,0,2000,14,100,1,21,0,21,2,34.12
R2_scripted_map2,scripted_alternative,map2,alternative,10,0.0,0,2000,13,444,46,1468,0,1468,30,271.38
R2_scripted_map2,scripted_original,map2,original,10,0.0,0,2000,13,452,98,2377,923,1454,46,300.28
R1_libvariants_map2,lib_filter,map2,original,4,0.0,0,2000,14,218,33,206,0,206,28,41.08
R3_prioritized_map2,prioritized,map2,prioritized,4,0.0,0,2000,14,345,0,21,0,21,369,3.85
R5_transfer_map3,hybrid_map3lib,map3,map3lib,2,0.0,0,2000,14,84,15,60,0,60,10,62.52
R4_online_cap300_map2,online_cap300,map2,rrt_online,4,0.0,0,2000,14,290,259,252,0,252,674,28.25
R4_online_cap1000_map2,online_cap1000,map2,rrt_online,4,0.0,0,2000,14,231,32,186,0,186,360,38.69
R5_transfer_map3,hybrid_original,map3,original,10,0.0,0,2000,12,129,655,6110,4802,1308,156,814.36
R1_libvariants_map2,lib_repair,map2,original,4,0.0,0,2000,14,198,16,192,0,192,15,98.63
R1_libvariants_map2,lib_regen,map2,original,4,0.0,0,2000,14,218,26,189,0,189,10,77.71
R2_scripted_map2,scripted_alternative,map2,alternative,4,0.0,0,2000,14,188,9,228,0,228,5,78.54
R5_transfer_map3,hybrid_original,map3,original,2,0.0,0,2000,14,31,127,1011,1003,8,29,168.63
R5_transfer_map3,hybrid_map3lib,map3,map3lib,8,0.0,0,2000,13,331,87,1233,0,1233,63,442.22
R2_scripted_map2,scripted_original,map2,original,4,0.0,0,2000,14,184,29,583,381,202,15,110.31
R3_prioritized_map2,prioritized,map2,prioritized,6,0.0,0,2000,14,524,1,31,0,31,561,7.1
R1_libvariants_map2,lib_filter,map2,original,6,0.0,0,2000,14,286,65,558,0,558,83,70.81
R4_online_cap300_map2,online_cap300,map2,rrt_online,6,0.0,0,2000,14,427,494,540,0,540,1169,34.4
R4_online_cap1000_map2,online_cap1000,map2,rrt_online,6,0.0,0,2000,14,324,56,450,0,450,604,52.19
R5_transfer_map3,hybrid_map3lib,map3,map3lib,4,0.0,0,2000,14,176,41,256,0,256,34,125.16
R1_libvariants_map2,lib_regen,map2,original,6,0.0,0,2000,14,330,51,426,0,426,19,102.43
R1_libvariants_map2,lib_repair,map2,original,6,0.0,0,2000,14,266,54,535,0,535,26,111.74
R2_scripted_map2,scripted_alternative,map2,alternative,6,0.0,0,2000,14,286,10,409,0,409,8,103.22
R3_prioritized_map2,prioritized,map2,prioritized,8,0.0,0,2000,14,704,4,66,0,66,781,10.15
R2_scripted_map2,scripted_original,map2,original,6,0.0,0,2000,14,262,46,1099,613,486,28,127.78
R5_transfer_map3,hybrid_original,map3,original,8,0.0,0,2000,13,126,476,4410,3702,708,144,594.14
R1_libvariants_map2,lib_filter,map2,original,8,0.0,0,2000,14,371,99,1047,0,1047,106,88.82
R4_online_cap300_map2,online_cap300,map2,rrt_online,8,0.0,0,2000,14,563,767,1016,0,1016,1849,40.25
R4_online_cap1000_map2,online_cap1000,map2,rrt_online,8,0.0,0,2000,14,413,105,904,0,904,953,64.52
R1_libvariants_map2,lib_repair,map2,original,8,0.0,0,2000,14,346,81,959,0,959,49,122.45
R5_transfer_map3,hybrid_original,map3,original,4,0.0,0,2000,14,61,246,2104,1899,205,65,278.96
R1_libvariants_map2,lib_regen,map2,original,8,0.0,0,2000,14,430,63,839,0,839,22,132.12
R5_transfer_map3,hybrid_map3lib,map3,map3lib,6,0.0,0,2000,14,258,76,725,0,725,49,189.57
R3_prioritized_map2,prioritized,map2,prioritized,10,0.0,0,2000,14,870,7,112,0,112,998,8.93
R2_scripted_map2,scripted_alternative,map2,alternative,8,0.0,0,2000,14,365,25,864,0,864,9,129.53
R2_scripted_map2,scripted_original,map2,original,8,0.0,0,2000,14,354,73,1682,772,910,37,167.34
R4_online_cap300_map2,online_cap300,map2,rrt_online,10,0.0,0,2000,14,664,995,1691,0,1691,2463,36.52
R5_transfer_map3,hybrid_map3lib,map3,map3lib,10,0.0,0,2000,13,410,138,2000,0,2000,98,538.74
R1_libvariants_map2,lib_filter,map2,original,10,0.0,0,2000,14,446,131,1477,0,1477,148,124.61
R1_libvariants_map2,lib_filter,map2,original,2,0.0,0,2000,15,100,13,51,0,51,10,8.21
R4_online_cap1000_map2,online_cap1000,map2,rrt_online,10,0.0,0,2000,14,504,150,1215,0,1215,1294,60.7
R1_libvariants_map2,lib_regen,map2,original,2,0.0,0,2000,15,115,6,15,0,15,5,12.47
R1_libvariants_map2,lib_repair,map2,original,2,0.0,0,2000,15,107,13,13,0,13,3,20.51
R3_prioritized_map2,prioritized,map2,prioritized,2,0.0,0,2000,15,189,1,2,0,2,194,1.12
R2_scripted_map2,scripted_original,map2,original,2,0.0,0,2000,15,101,10,280,235,45,1,20.06
R4_online_cap1000_map2,online_cap1000,map2,rrt_online,2,0.0,0,2000,15,116,5,49,0,49,147,5.47
R4_online_cap300_map2,online_cap300,map2,rrt_online,2,0.0,0,2000,15,151,109,53,0,53,294,4.81
R1_libvariants_map2,lib_repair,map2,original,10,0.0,0,2000,14,434,135,1631,0,1631,55,136.08
R2_scripted_map2,scripted_alternative,map2,alternative,2,0.0,0,2000,15,107,1,5,0,5,1,16.11
R1_libvariants_map2,lib_regen,map2,original,10,0.0,0,2000,14,506,104,1269,0,1269,40,130.03
R5_transfer_map3,hybrid_original,map3,original,6,0.0,0,2000,14,100,353,3356,2966,390,87,316.65
R5_transfer_map3,hybrid_map3lib,map3,map3lib,2,0.0,0,2000,15,94,20,36,0,36,8,21.21
R1_libvariants_map2,lib_filter,map2,original,4,0.0,0,2000,15,196,33,233,0,233,38,19.27
R3_prioritized_map2,prioritized,map2,prioritized,4,0.0,0,2000,15,367,1,15,0,15,387,4.24
R2_scripted_map2,scripted_alternative,map2,alternative,10,0.0,0,2000,14,446,40,1453,0,1453,24,147.83
R4_online_cap1000_map2,online_cap1000,map2,rrt_online,4,0.0,0,2000,15,241,25,160,0,160,349,22.13
R1_libvariants_map2,lib_regen,map2,original,4,0.0,0,2000,15,234,27,161,0,161,12,45.44
R4_online_cap300_map2,online_cap300,map2,rrt_online,4,0.0,0,2000,15,304,285,221,0,221,705,18.15
R2_scripted_map2,scripted_original,map2,original,10,0.0,0,2000,14,419,112,2515,1001,1514,53,176.67
R1_libvariants_map2,lib_repair,map2,original,4,0.0,0,2000,15,199,34,177,0,177,6,53.74
R5_transfer_map3,hybrid_original,map3,original,10,0.0,0,2000,13,150,614,5780,4653,1127,189,719.0
R5_transfer_map3,hybrid_map3lib,map3,map3lib,8,0.0,0,2000,14,350,106,1307,0,1307,76,256.02
R5_transfer_map3,hybrid_original,map3,original,2,0.0,0,2000,15,35,108,942,915,27,21,94.21
R3_prioritized_map2,prioritized,map2,prioritized,6,0.0,0,2000,15,549,3,39,0,39,596,7.5
R2_scripted_map2,scripted_original,map2,original,4,0.0,0,2000,15,201,31,572,311,261,14,81.97
R2_scripted_map2,scripted_alternative,map2,alternative,4,0.0,0,2000,15,194,9,256,0,256,5,71.15
R1_libvariants_map2,lib_filter,map2,original,6,0.0,0,2000,15,269,61,593,0,593,60,51.52
R4_online_cap300_map2,online_cap300,map2,rrt_online,6,0.0,0,2000,15,437,466,609,0,609,1199,29.07
R4_online_cap1000_map2,online_cap1000,map2,rrt_online,6,0.0,0,2000,15,341,52,436,0,436,608,50.68
R1_libvariants_map2,lib_regen,map2,original,6,0.0,0,2000,15,344,56,443,0,443,21,97.5
R1_libvariants_map2,lib_repair,map2,original,6,0.0,0,2000,15,280,50,599,0,599,25,108.69
R5_transfer_map3,hybrid_map3lib,map3,map3lib,4,0.0,0,2000,15,181,40,285,0,285,34,141.9
R2_scripted_map2,scripted_alternative,map2,alternative,6,0.0,0,2000,15,291,19,600,0,600,7,127.51
R2_scripted_map2,scripted_original,map2,original,6,0.0,0,2000,15,290,45,1046,560,486,25,151.6
R3_prioritized_map2,prioritized,map2,prioritized,8,0.0,0,2000,15,717,2,75,0,75,801,5.79
R1_libvariants_map2,lib_filter,map2,original,8,0.0,0,2000,15,359,105,916,0,916,102,99.59
R5_transfer_map3,hybrid_original,map3,original,8,0.0,0,2000,14,122,489,4647,3861,786,159,443.26
R4_online_cap300_map2,online_cap300,map2,rrt_online,8,0.0,0,2000,15,550,744,1019,0,1019,1765,47.57
R4_online_cap1000_map2,online_cap1000,map2,rrt_online,8,0.0,0,2000,15,427,104,1046,0,1046,1072,73.59
R1_libvariants_map2,lib_repair,map2,original,8,0.0,0,2000,15,373,90,942,0,942,33,162.17
R1_libvariants_map2,lib_regen,map2,original,8,0.0,0,2000,15,421,72,750,0,750,36,135.88
R5_transfer_map3,hybrid_original,map3,original,4,0.0,0,2000,15,69,255,2200,2018,182,71,297.92
R5_transfer_map3,hybrid_map3lib,map3,map3lib,6,0.0,0,2000,15,256,72,694,0,694,45,220.75
R3_prioritized_map2,prioritized,map2,prioritized,10,0.0,0,2000,15,896,6,112,0,112,1024,12.6
R2_scripted_map2,scripted_original,map2,original,8,0.0,0,2000,15,361,62,1772,830,942,33,193.71
R2_scripted_map2,scripted_alternative,map2,alternative,8,0.0,0,2000,15,381,23,915,0,915,10,167.29
R4_online_cap300_map2,online_cap300,map2,rrt_online,10,0.0,0,2000,15,701,1004,1619,0,1619,2476,56.89
R4_online_cap1000_map2,online_cap1000,map2,rrt_online,10,0.0,0,2000,15,512,138,1212,0,1212,1291,91.67
R1_libvariants_map2,lib_filter,map2,original,10,0.0,0,2000,15,453,142,1530,0,1530,141,182.61
R5_transfer_map3,hybrid_map3lib,map3,map3lib,10,0.0,0,2000,14,424,145,2106,0,2106,98,535.56
R1_libvariants_map2,lib_filter,map2,original,2,0.0,0,2000,16,94,15,94,0,94,21,13.42
R1_libvariants_map2,lib_repair,map2,original,2,0.0,0,2000,16,98,6,24,0,24,3,22.72
R1_libvariants_map2,lib_regen,map2,original,2,0.0,0,2000,16,116,4,24,0,24,6,23.38
R1_libvariants_map2,lib_repair,map2,original,10,0.0,0,2000,15,422,140,1729,0,1729,42,196.99
R3_prioritized_map2,prioritized,map2,prioritized,2,0.0,0,2000,16,166,1,4,0,4,172,3.06
R5_transfer_map3,hybrid_original,map3,original,6,0.0,0,2000,15,100,357,3160,2783,377,96,397.18
R4_online_cap1000_map2,online_cap1000,map2,rrt_online,2,0.0,0,2000,16,124,5,28,0,28,146,11.53
R4_online_cap300_map2,online_cap300,map2,rrt_online,2,0.0,0,2000,16,148,128,41,0,41,299,9.72
R2_scripted_map2,scripted_original,map2,original,2,0.0,0,2000,16,95,12,255,200,55,7,48.88
R2_scripted_map2,scripted_alternative,map2,alternative,2,0.0,0,2000,16,99,2,28,0,28,2,30.75
R2_scripted_map2,scripted_original,map2,original,10,0.0,0,2000,15,459,91,2219,942,1277,60,233.21
R5_transfer_map3,hybrid_map3lib,map3,map3lib,2,0.0,0,2000,16,97,20,18,0,18,6,30.97
R1_libvariants_map2,lib_regen,map2,original,10,0.0,0,2000,15,520,114,1545,0,1545,35,244.02
R3_prioritized_map2,prioritized,map2,prioritized,4,0.0,0,2000,16,332,3,15,0,15,353,6.55
R5_transfer_map3,hybrid_original,map3,original,10,0.0,0,2000,14,150,613,5729,4606,1123,172,663.76
R5_transfer_map3,hybrid_map3lib,map3,map3lib,8,0.0,0,2000,15,371,88,1238,0,1238,50,324.72
R1_libvariants_map2,lib_filter,map2,original,4,0.0,0,2000,16,200,30,217,0,217,35,56.4
R4_online_cap300_map2,online_cap300,map2,rrt_online,4,0.0,0,2000,16,295,290,192,0,192,685,17.59
R4_online_cap1000_map2,online_cap1000,map2,rrt_online,4,0.0,0,2000,16,226,26,172,0,172,344,25.2
R1_libvariants_map2,lib_repair,map2,original,4,0.0,0,2000,16,189,28,235,0,235,10,51.69
R2_scripted_map2,scripted_alternative,map2,alternative,10,0.0,0,2000,15,433,60,1534,0,1534,28,255.86
R1_libvariants_map2,lib_regen,map2,original,4,0.0,0,2000,16,221,28,194,0,194,4,60.94
R2_scripted_map2,scripted_alternative,map2,alternative,4,0.0,0,2000,16,189,9,160,0,160,10,66.84
R3_prioritized_map2,prioritized,map2,prioritized,6,0.0,0,2000,16,498,3,34,0,34,539,8.18
R2_scripted_map2,scripted_original,map2,original,4,0.0,0,2000,16,179,26,611,445,166,16,89.34
R5_transfer_map3,hybrid_original,map3,original,2,0.0,0,2000,16,29,118,992,944,48,27,146.37
R1_libvariants_map2,lib_filter,map2,original,6,0.0,0,2000,16,274,53,652,0,652,65,72.44
R4_online_cap300_map2,online_cap300,map2,rrt_online,6,0.0,0,2000,16,415,471,556,0,556,1178,33.07
R1_libvariants_map2,lib_regen,map2,original,6,0.0,0,2000,16,321,50,401,0,401,16,85.14
R4_online_cap1000_map2,online_cap1000,map2,rrt_online,6,0.0,0,2000,16,321,49,493,0,493,611,45.96
R1_libvariants_map2,lib_repair,map2,original,6,0.0,0,2000,16,265,57,694,0,694,25,101.37
R5_transfer_map3,hybrid_map3lib,map3,map3lib,4,0.0,0,2000,16,165,42,273,0,273,36,129.26
R2_scripted_map2,scripted_alternative,map2,alternative,6,0.0,0,2000,16,281,18,380,0,380,6,102.29
R3_prioritized_map2,prioritized,map2,prioritized,8,0.0,0,2000,16,672,3,86,0,86,769,9.61
R5_transfer_map3,hybrid_original,map3,original,8,0.0,0,2000,15,139,472,4413,3600,813,130,526.4
R2_scripted_map2,scripted_original,map2,original,6,0.0,0,2000,16,279,40,1146,660,486,33,151.45
R5_transfer_map3,hybrid_original,map3,original,4,0.0,0,2000,16,70,225,1996,1881,115,62,188.73
R1_libvariants_map2,lib_filter,map2,original,8,0.0,0,2000,16,342,91,1008,0,1008,114,86.87
R4_online_cap300_map2,online_cap300,map2,rrt_online,8,0.0,0,2000,16,560,712,930,0,930,1723,47.54
R4_online_cap1000_map2,online_cap1000,map2,rrt_online,8,0.0,0,2000,16,405,89,882,0,882,943,75.23
R1_libvariants_map2,lib_repair,map2,original,8,0.0,0,2000,16,354,81,958,0,958,35,134.61
R1_libvariants_map2,lib_regen,map2,original,8,0.0,0,2000,16,429,59,741,0,741,34,154.0
R2_scripted_map2,scripted_alternative,map2,alternative,8,0.0,0,2000,16,359,31,914,0,914,15,171.06
R2_scripted_map2,scripted_original,map2,original,8,0.0,0,2000,16,337,60,1724,797,927,36,208.77
R3_prioritized_map2,prioritized,map2,prioritized,10,0.0,0,2000,16,847,7,118,0,118,981,17.94
R1_libvariants_map2,lib_filter,map2,original,10,0.0,0,2000,16,442,116,1376,0,1376,166,137.79
R5_transfer_map3,hybrid_map3lib,map3,map3lib,6,0.0,0,2000,16,269,52,546,0,546,62,278.8
R4_online_cap300_map2,online_cap300,map2,rrt_online,10,0.0,0,2000,16,682,979,1636,0,1636,2484,62.29
R1_libvariants_map2,lib_filter,map2,original,2,0.0,0,2000,17,101,15,31,0,31,17,15.55
R4_online_cap1000_map2,online_cap1000,map2,rrt_online,10,0.0,0,2000,16,500,152,1422,0,1422,1365,104.86
R5_transfer_map3,hybrid_map3lib,map3,map3lib,10,0.0,0,2000,15,424,126,2141,0,2141,96,598.54
R1_libvariants_map2,lib_repair,map2,original,2,0.0,0,2000,17,99,11,48,0,48,6,23.72
R1_libvariants_map2,lib_repair,map2,original,10,0.0,0,2000,16,431,111,1552,0,1552,61,232.01
R3_prioritized_map2,prioritized,map2,prioritized,2,0.0,0,2000,17,175,0,3,0,3,180,0.85
R4_online_cap1000_map2,online_cap1000,map2,rrt_online,2,0.0,0,2000,17,117,8,17,0,17,137,7.34
R1_libvariants_map2,lib_regen,map2,original,2,0.0,0,2000,17,119,9,20,0,20,1,25.36
R4_online_cap300_map2,online_cap300,map2,rrt_online,2,0.0,0,2000,17,149,115,17,0,17,278,8.24
R2_scripted_map2,scripted_original,map2,original,2,0.0,0,2000,17,102,3,181,166,15,3,34.21
R1_libvariants_map2,lib_regen,map2,original,10,0.0,0,2000,16,523,117,1427,0,1427,44,252.86
R5_transfer_map3,hybrid_original,map3,original,6,0.0,0,2000,16,89,352,3323,2865,458,117,424.25
R2_scripted_map2,scripted_alternative,map2,alternative,2,0.0,0,2000,17,101,3,60,0,60,1,32.52
R5_transfer_map3,hybrid_original,map3,original,10,0.0,0,2000,15,149,616,5943,4761,1182,183,729.19
R2_scripted_map2,scripted_alternative,map2,alternative,10,0.0,0,2000,16,407,47,1403,0,1403,26,245.02
R2_scripted_map2,scripted_original,map2,original,10,0.0,0,2000,16,423,101,2623,987,1636,53,269.19
R3_prioritized_map2,prioritized,map2,prioritized,4,0.0,0,2000,17,345,1,11,0,11,361,3.8
R5_transfer_map3,hybrid_map3lib,map3,map3lib,2,0.0,0,2000,17,87,15,33,0,33,12,41.54
R1_libvariants_map2,lib_filter,map2,original,4,0.0,0,2000,17,192,31,158,0,158,44,40.57
R4_online_cap300_map2,online_cap300,map2,rrt_online,4,0.0,0,2000,17,274,250,253,0,253,640,18.09
R4_online_cap1000_map2,online_cap1000,map2,rrt_online,4,0.0,0,2000,17,223,26,194,0,194,351,26.14
R1_libvariants_map2,lib_repair,map2,original,4,0.0,0,2000,17,188,31,219,0,219,13,56.25
R1_libvariants_map2,lib_regen,map2,original,4,0.0,0,2000,17,224,22,216,0,216,13,62.0
R2_scripted_map2,scripted_original,map2,original,4,0.0,0,2000,17,178,27,647,471,176,9,65.41
R2_scripted_map2,scripted_alternative,map2,alternative,4,0.0,0,2000,17,204,12,172,0,172,3,57.95
R3_prioritized_map2,prioritized,map2,prioritized,6,0.0,0,2000,17,514,1,33,0,33,554,3.52
R5_transfer_map3,hybrid_map3lib,map3,map3lib,8,0.0,0,2000,16,344,90,1225,0,1225,71,410.9
R5_transfer_map3,hybrid_original,map3,original,2,0.0,0,2000,17,38,101,996,951,45,31,124.13
R1_libvariants_map2,lib_filter,map2,original,6,0.0,0,2000,17,256,54,460,0,460,77,52.69
R4_online_cap300_map2,online_cap300,map2,rrt_online,6,0.0,0,2000,17,425,425,527,0,527,1132,21.38
R4_online_cap1000_map2,online_cap1000,map2,rrt_online,6,0.0,0,2000,17,335,68,481,0,481,626,35.32
R1_libvariants_map2,lib_repair,map2,original,6,0.0,0,2000,17,283,54,530,0,530,31,75.96
R5_transfer_map3,hybrid_map3lib,map3,map3lib,4,0.0,0,2000,17,179,32,230,0,230,25,85.87
R1_libvariants_map2,lib_regen,map2,original,6,0.0,0,2000,17,336,37,348,0,348,16,70.37
R5_transfer_map3,hybrid_original,map3,original,8,0.0,0,2000,16,126,485,4559,3927,632,130,520.74
R2_scripted_map2,scripted_alternative,map2,alternative,6,0.0,0,2000,17,270,13,473,0,473,12,105.77
R2_scripted_map2,scripted_original,map2,original,6,0.0,0,2000,17,284,33,924,508,416,19,120.55
R3_prioritized_map2,prioritized,map2,prioritized,8,0.0,0,2000,17,694,3,79,0,79,783,8.28
R1_libvariants_map2,lib_filter,map2,original,8,0.0,0,2000,17,348,100,892,0,892,111,96.69
R5_transfer_map3,hybrid_original,map3,original,4,0.0,0,2000,17,65,220,2010,1860,150,71,191.72
R4_online_cap300_map2,online_cap300,map2,rrt_online,8,0.0,0,2000,17,562,695,987,0,987,1760,45.88
R1_libvariants_map2,lib_regen,map2,original,8,0.0,0,2000,17,437,90,761,0,761,17,128.14
R4_online_cap1000_map2,online_cap1000,map2,rrt_online,8,0.0,0,2000,17,426,103,896,0,896,984,65.64
R1_libvariants_map2,lib_repair,map2,original,8,0.0,0,2000,17,352,79,1115,0,1115,40,146.7
R5_transfer_map3,hybrid_map3lib,map3,map3lib,6,0.0,0,2000,17,272,64,660,0,660,54,194.2
R2_scripted_map2,scripted_alternative,map2,alternative,8,0.0,0,2000,17,363,27,844,0,844,22,165.65
R3_prioritized_map2,prioritized,map2,prioritized,10,0.0,0,2000,17,866,3,131,0,131,1010,10.05
R2_scripted_map2,scripted_original,map2,original,8,0.0,0,2000,17,348,66,1769,801,968,52,222.04
R4_online_cap300_map2,online_cap300,map2,rrt_online,10,0.0,0,2000,17,696,1003,1490,0,1490,2408,64.46
R5_transfer_map3,hybrid_map3lib,map3,map3lib,10,0.0,0,2000,16,413,139,2016,0,2016,95,507.27
R1_libvariants_map2,lib_filter,map2,original,2,0.0,0,2000,18,106,8,22,0,22,12,12.5
R4_online_cap1000_map2,online_cap1000,map2,rrt_online,10,0.0,0,2000,17,505,144,1363,0,1363,1285,100.14
R1_libvariants_map2,lib_filter,map2,original,10,0.0,0,2000,17,433,144,1561,0,1561,147,190.18
R1_libvariants_map2,lib_repair,map2,original,2,0.0,0,2000,18,111,12,20,0,20,2,26.0
R1_libvariants_map2,lib_regen,map2,original,2,0.0,0,2000,18,122,17,53,0,53,0,29.24
R3_prioritized_map2,prioritized,map2,prioritized,2,0.0,0,2000,18,179,0,5,0,5,186,0.94
R1_libvariants_map2,lib_regen,map2,original,10,0.0,0,2000,17,505,107,1489,0,1489,47,189.71
R4_online_cap1000_map2,online_cap1000,map2,rrt_online,2,0.0,0,2000,18,123,6,28,0,28,147,10.22
R4_online_cap300_map2,online_cap300,map2,rrt_online,2,0.0,0,2000,18,152,122,34,0,34,294,9.01
R2_scripted_map2,scripted_original,map2,original,2,0.0,0,2000,18,114,7,191,165,26,3,31.51
R5_transfer_map3,hybrid_original,map3,original,6,0.0,0,2000,17,100,336,3090,2710,380,110,375.92
R1_libvariants_map2,lib_repair,map2,original,10,0.0,0,2000,17,427,116,1498,0,1498,58,229.18
R2_scripted_map2,scripted_alternative,map2,alternative,2,0.0,0,2000,18,108,3,17,0,17,1,30.46
R2_scripted_map2,scripted_original,map2,original,10,0.0,0,2000,17,423,116,2425,991,1434,60,226.96
R2_scripted_map2,scripted_alternative,map2,alternative,10,0.0,0,2000,17,424,49,1485,0,1485,22,216.98
R3_prioritized_map2,prioritized,map2,prioritized,4,0.0,0,2000,18,358,1,15,0,15,377,3.51
R1_libvariants_map2,lib_filter,map2,original,4,0.0,0,2000,18,203,30,165,0,165,38,39.1
R4_online_cap1000_map2,online_cap1000,map2,rrt_online,4,0.0,0,2000,18,236,25,201,0,201,355,23.88
R5_transfer_map3,hybrid_map3lib,map3,map3lib,2,0.0,0,2000,18,93,17,53,0,53,15,59.32
R4_online_cap300_map2,online_cap300,map2,rrt_online,4,0.0,0,2000,18,297,278,156,0,156,667,18.7
R1_libvariants_map2,lib_repair,map2,original,4,0.0,0,2000,18,189,29,172,0,172,9,56.71
R5_transfer_map3,hybrid_original,map3,original,10,0.0,0,2000,16,149,625,5916,4810,1106,171,726.48
R1_libvariants_map2,lib_regen,map2,original,4,0.0,0,2000,18,222,25,179,0,179,10,57.67
R2_scripted_map2,scripted_alternative,map2,alternative,4,0.0,0,2000,18,196,7,174,0,174,5,65.32
R2_scripted_map2,scripted_original,map2,original,4,0.0,0,2000,18,182,20,643,446,197,17,94.62
R3_prioritized_map2,prioritized,map2,prioritized,6,0.0,0,2000,18,535,1,33,0,33,575,4.12
R5_transfer_map3,hybrid_map3lib,map3,map3lib,8,0.0,0,2000,17,335,107,1205,0,1205,78,381.04
R5_transfer_map3,hybrid_original,map3,original,2,0.0,0,2000,18,37,104,883,865,18,33,136.36
R1_libvariants_map2,lib_filter,map2,original,6,0.0,0,2000,18,281,63,584,0,584,63,68.38
R4_online_cap300_map2,online_cap300,map2,rrt_online,6,0.0,0,2000,18,435,485,553,0,553,1210,30.55
R4_online_cap1000_map2,online_cap1000,map2,rrt_online,6,0.0,0,2000,18,311,58,524,0,524,630,44.46
R1_libvariants_map2,lib_regen,map2,original,6,0.0,0,2000,18,331,55,435,0,435,10,86.59
R1_libvariants_map2,lib_repair,map2,original,6,0.0,0,2000,18,276,44,624,0,624,27,115.15
R5_transfer_map3,hybrid_map3lib,map3,map3lib,4,0.0,0,2000,18,171,45,252,0,252,30,128.33
R2_scripted_map2,scripted_original,map2,original,6,0.0,0,2000,18,288,31,935,557,378,22,132.79
R3_prioritized_map2,prioritized,map2,prioritized,8,0.0,0,2000,18,703,1,81,0,81,792,7.01
R2_scripted_map2,scripted_alternative,map2,alternative,6,0.0,0,2000,18,284,14,544,0,544,10,127.34
R1_libvariants_map2,lib_filter,map2,original,8,0.0,0,2000,18,355,111,939,0,939,90,102.93
R4_online_cap300_map2,online_cap300,map2,rrt_online,8,0.0,0,2000,18,554,702,1022,0,1022,1770,47.02
R5_transfer_map3,hybrid_original,map3,original,8,0.0,0,2000,17,142,457,4343,3496,847,156,566.55
R4_online_cap1000_map2,online_cap1000,map2,rrt_online,8,0.0,0,2000,18,427,100,802,0,802,948,73.39
R5_transfer_map3,hybrid_original,map3,original,4,0.0,0,2000,18,58,249,2200,1940,260,56,250.58
R1_libvariants_map2,lib_repair,map2,original,8,0.0,0,2000,18,338,106,1150,0,1150,25,162.71
R1_libvariants_map2,lib_regen,map2,original,8,0.0,0,2000,18,436,67,853,0,853,19,180.67
R5_transfer_map3,hybrid_map3lib,map3,map3lib,6,0.0,0,2000,18,273,56,746,0,746,53,244.06
R3_prioritized_map2,prioritized,map2,prioritized,10,0.0,0,2000,18,870,3,122,0,122,1005,8.44
R5_transfer_map3,hybrid_map3lib,map3,map3lib,10,0.0,0,2000,17,425,129,2071,0,2071,93,522.8
R2_scripted_map2,scripted_original,map2,original,8,0.0,0,2000,18,347,71,1850,888,962,34,228.61
R1_libvariants_map2,lib_filter,map2,original,10,0.0,0,2000,18,438,122,1525,0,1525,151,145.81
R2_scripted_map2,scripted_alternative,map2,alternative,8,0.0,0,2000,18,371,29,891,0,891,20,249.23
R4_online_cap300_map2,online_cap300,map2,rrt_online,10,0.0,0,2000,18,708,981,1510,0,1510,2500,62.49
R1_libvariants_map2,lib_filter,map2,original,2,0.0,0,2000,19,98,10,34,0,34,13,15.5
R4_online_cap1000_map2,online_cap1000,map2,rrt_online,10,0.0,0,2000,18,507,147,1445,0,1445,1341,102.56
R1_libvariants_map2,lib_regen,map2,original,10,0.0,0,2000,18,515,118,1334,0,1334,54,196.19
R1_libvariants_map2,lib_repair,map2,original,2,0.0,0,2000,19,102,7,62,0,62,2,20.63
R3_prioritized_map2,prioritized,map2,prioritized,2,0.0,0,2000,19,172,0,1,0,1,175,1.04
R4_online_cap1000_map2,online_cap1000,map2,rrt_online,2,0.0,0,2000,19,116,6,36,0,36,141,8.12
R1_libvariants_map2,lib_regen,map2,original,2,0.0,0,2000,19,119,13,35,0,35,2,23.16
R4_online_cap300_map2,online_cap300,map2,rrt_online,2,0.0,0,2000,19,145,111,43,0,43,277,5.33
R2_scripted_map2,scripted_original,map2,original,2,0.0,0,2000,19,91,13,217,192,25,8,32.95
R2_scripted_map2,scripted_alternative,map2,alternative,2,0.0,0,2000,19,99,0,29,0,29,2,21.72
R1_libvariants_map2,lib_repair,map2,original,10,0.0,0,2000,18,428,129,1852,0,1852,42,239.48
R5_transfer_map3,hybrid_original,map3,original,6,0.0,0,2000,18,93,355,3350,2840,510,97,430.98
R5_transfer_map3,hybrid_map3lib,map3,map3lib,2,0.0,0,2000,19,83,12,37,0,37,13,27.98
R2_scripted_map2,scripted_original,map2,original,10,0.0,0,2000,18,434,106,2387,958,1429,50,237.65
R3_prioritized_map2,prioritized,map2,prioritized,4,0.0,0,2000,19,346,0,19,0,19,368,1.64
R2_scripted_map2,scripted_alternative,map2,alternative,10,0.0,0,2000,18,433,41,1481,0,1481,17,207.84
R1_libvariants_map2,lib_filter,map2,original,4,0.0,0,2000,19,201,36,165,0,165,43,32.2
R4_online_cap1000_map2,online_cap1000,map2,rrt_online,4,0.0,0,2000,19,220,20,152,0,152,308,17.09
R4_online_cap300_map2,online_cap300,map2,rrt_online,4,0.0,0,2000,19,290,267,193,0,193,652,13.34
R1_libvariants_map2,lib_regen,map2,original,4,0.0,0,2000,19,223,25,235,0,235,9,42.13
R1_libvariants_map2,lib_repair,map2,original,4,0.0,0,2000,19,190,21,244,0,244,14,49.58
R2_scripted_map2,scripted_alternative,map2,alternative,4,0.0,0,2000,19,192,7,192,0,192,3,45.45
R2_scripted_map2,scripted_original,map2,original,4,0.0,0,2000,19,187,34,597,443,154,15,61.0
R5_transfer_map3,hybrid_original,map3,original,2,0.0,0,2000,19,32,110,1059,1030,29,30,98.31
R3_prioritized_map2,prioritized,map2,prioritized,6,0.0,0,2000,19,527,0,34,0,34,565,2.56
R1_libvariants_map2,lib_filter,map2,original,6,0.0,0,2000,19,280,62,559,0,559,71,42.42
R4_online_cap1000_map2,online_cap1000,map2,rrt_online,6,0.0,0,2000,19,326,52,523,0,523,645,34.63
R4_online_cap300_map2,online_cap300,map2,rrt_online,6,0.0,0,2000,19,431,515,599,0,599,1251,25.47
R5_transfer_map3,hybrid_map3lib,map3,map3lib,8,0.0,0,2000,18,336,87,1205,0,1205,79,393.52
R1_libvariants_map2,lib_regen,map2,original,6,0.0,0,2000,19,331,45,491,0,491,10,76.51
R5_transfer_map3,hybrid_original,map3,original,10,0.0,0,2000,17,148,609,5801,4689,1112,195,821.93
R5_transfer_map3,hybrid_map3lib,map3,map3lib,4,0.0,0,2000,19,179,41,400,0,400,29,98.88
R1_libvariants_map2,lib_repair,map2,original,6,0.0,0,2000,19,280,46,583,0,583,15,98.92
R2_scripted_map2,scripted_original,map2,original,6,0.0,0,2000,19,275,43,993,578,415,24,121.29
R2_scripted_map2,scripted_alternative,map2,alternative,6,0.0,0,2000,19,277,21,595,0,595,11,121.78
R3_prioritized_map2,prioritized,map2,prioritized,8,0.0,0,2000,19,697,1,75,0,75,781,9.17
R5_transfer_map3,hybrid_original,map3,original,4,0.0,0,2000,19,66,243,1966,1865,101,60,220.69
R1_libvariants_map2,lib_filter,map2,original,8,0.0,0,2000,19,362,95,1060,0,1060,124,123.24
R5_transfer_map3,hybrid_original,map3,original,8,0.0,0,2000,18,151,496,4384,3780,604,145,545.65
R4_online_cap300_map2,online_cap300,map2,rrt_online,8,0.0,0,2000,19,535,665,1252,0,1252,1830,53.84
R4_online_cap1000_map2,online_cap1000,map2,rrt_online,8,0.0,0,2000,19,413,80,808,0,808,904,73.31
R1_libvariants_map2,lib_repair,map2,original,8,0.0,0,2000,19,339,96,985,0,985,42,139.08
R5_transfer_map3,hybrid_map3lib,map3,map3lib,10,0.0,0,2000,18,410,136,2042,0,2042,91,437.77
R1_libvariants_map2,lib_regen,map2,original,8,0.0,0,2000,19,427,71,908,0,908,19,183.98
R3_prioritized_map2,prioritized,map2,prioritized,10,0.0,0,2000,19,869,1,136,0,136,1015,8.99
R5_transfer_map3,hybrid_map3lib,map3,map3lib,6,0.0,0,2000,19,277,51,715,0,715,45,219.97
R2_scripted_map2,scripted_original,map2,original,8,0.0,0,2000,19,345,62,1813,878,935,45,215.29
R2_scripted_map2,scripted_alternative,map2,alternative,8,0.0,0,2000,19,364,23,814,0,814,28,231.41
R4_online_cap300_map2,online_cap300,map2,rrt_online,10,0.0,0,2000,19,700,1095,1519,0,1519,2532,64.89
R1_libvariants_map2,lib_filter,map2,original,2,0.0,0,2000,20,102,15,11,0,11,11,16.89
R1_libvariants_map2,lib_filter,map2,original,10,0.0,0,2000,19,433,136,1534,0,1534,167,191.04
R4_online_cap1000_map2,online_cap1000,map2,rrt_online,10,0.0,0,2000,19,510,172,1386,0,1386,1353,114.75
R1_libvariants_map2,lib_repair,map2,original,2,0.0,0,2000,20,103,12,38,0,38,6,24.4
R1_libvariants_map2,lib_regen,map2,original,10,0.0,0,2000,19,525,104,1401,0,1401,36,210.69
R3_prioritized_map2,prioritized,map2,prioritized,2,0.0,0,2000,20,181,0,3,0,3,186,0.89
R1_libvariants_map2,lib_regen,map2,original,2,0.0,0,2000,20,121,6,42,0,42,4,25.01
R4_online_cap1000_map2,online_cap1000,map2,rrt_online,2,0.0,0,2000,20,110,8,30,0,30,132,11.38
R4_online_cap300_map2,online_cap300,map2,rrt_online,2,0.0,0,2000,20,153,107,45,0,45,287,8.66
R1_libvariants_map2,lib_repair,map2,original,10,0.0,0,2000,19,427,127,1555,0,1555,47,238.46
R2_scripted_map2,scripted_original,map2,original,2,0.0,0,2000,20,100,8,254,235,19,5,39.76
R2_scripted_map2,scripted_alternative,map2,alternative,2,0.0,0,2000,20,100,3,35,0,35,1,31.01
R2_scripted_map2,scripted_original,map2,original,10,0.0,0,2000,19,412,101,2484,1067,1417,69,253.42
R1_libvariants_map2,lib_filter,map2,original,4,0.0,0,2000,20,197,28,208,0,208,39,32.28
R5_transfer_map3,hybrid_map3lib,map3,map3lib,2,0.0,0,2000,20,94,7,45,0,45,15,33.13
R3_prioritized_map2,prioritized,map2,prioritized,4,0.0,0,2000,20,364,0,14,0,14,382,2.1
R2_scripted_map2,scripted_alternative,map2,alternative,10,0.0,0,2000,19,437,52,1497,0,1497,25,241.43
R1_libvariants_map2,lib_repair,map2,original,4,0.0,0,2000,20,187,26,274,0,274,18,62.15
R4_online_cap1000_map2,online_cap1000,map2,rrt_online,4,0.0,0,2000,20,221,36,211,0,211,366,35.47
R4_online_cap300_map2,online_cap300,map2,rrt_online,4,0.0,0,2000,20,281,267,264,0,264,674,22.62
R1_libvariants_map2,lib_regen,map2,original,4,0.0,0,2000,20,219,23,208,0,208,7,67.9
R5_transfer_map3,hybrid_original,map3,original,2,0.0,0,2000,20,28,109,979,949,30,24,102.71
R2_scripted_map2,scripted_original,map2,original,4,0.0,0,2000,20,185,21,631,476,155,10,75.44
R2_scripted_map2,scripted_alternative,map2,alternative,4,0.0,0,2000,20,187,12,206,0,206,4,77.03
R5_transfer_map3,hybrid_map3lib,map3,map3lib,8,0.0,0,2000,19,344,98,1209,0,1209,77,411.0
R3_prioritized_map2,prioritized,map2,prioritized,6,0.0,0,2000,20,538,0,34,0,34,578,3.41
R1_libvariants_map2,lib_filter,map2,original,6,0.0,0,2000,20,260,64,626,0,626,69,78.03
R5_transfer_map3,hybrid_original,map3,original,10,0.0,0,2000,18,149,612,5768,4664,1104,197,845.03
R4_online_cap300_map2,online_cap300,map2,rrt_online,6,0.0,0,2000,20,416,497,611,0,611,1216,29.93
R5_transfer_map3,hybrid_map3lib,map3,map3lib,4,0.0,0,2000,20,183,26,233,0,233,23,113.11
R4_online_cap1000_map2,online_cap1000,map2,rrt_online,6,0.0,0,2000,20,331,46,434,0,434,588,48.11
R1_libvariants_map2,lib_repair,map2,original,6,0.0,0,2000,20,278,48,449,0,449,23,106.76
R5_transfer_map3,hybrid_original,map3,original,6,0.0,0,2000,19,84,348,3250,2918,332,102,617.25
R1_libvariants_map2,lib_regen,map2,original,6,0.0,0,2000,20,328,45,498,0,498,12,107.71
R2_scripted_map2,scripted_original,map2,original,6,0.0,0,2000,20,280,37,1068,596,472,22,115.96
R3_prioritized_map2,prioritized,map2,prioritized,8,0.0,0,2000,20,705,0,58,0,58,770,5.22
R2_scripted_map2,scripted_alternative,map2,alternative,6,0.0,0,2000,20,284,14,529,0,529,11,135.22
R4_online_cap1000_map2,online_cap1000,map2,rrt_online,8,0.0,0,2000,20,441,104,842,0,842,971,76.94
R1_libvariants_map2,lib_filter,map2,original,8,0.0,0,2000,20,367,102,936,0,936,106,109.99
R4_online_cap300_map2,online_cap300,map2,rrt_online,8,0.0,0,2000,20,561,731,1042,0,1042,1813,51.11
R1_libvariants_map2,lib_regen,map2,original,8,0.0,0,2000,20,420,75,1012,0,1012,28,142.58
R5_transfer_map3,hybrid_original,map3,original,4,0.0,0,2000,20,66,237,2122,1953,169,63,305.51
R1_libvariants_map2,lib_repair,map2,original,8,0.0,0,2000,20,367,69,959,0,959,44,180.87
R5_transfer_map3,hybrid_map3lib,map3,map3lib,6,0.0,0,2000,20,266,52,710,0,710,34,186.41
R2_scripted_map2,scripted_alternative,map2,alternative,8,0.0,0,2000,20,367,27,966,0,966,16,184.07
R5_transfer_map3,hybrid_original,map3,original,8,0.0,0,2000,19,123,485,4612,3885,727,150,691.6
R3_prioritized_map2,prioritized,map2,prioritized,10,0.0,0,2000,20,872,5,121,0,121,1007,13.28
R2_scripted_map2,scripted_original,map2,original,8,0.0,0,2000,20,367,61,1535,748,787,45,262.99
R5_transfer_map3,hybrid_map3lib,map3,map3lib,10,0.0,0,2000,19,405,171,2273,0,2273,113,613.14
R4_online_cap300_map2,online_cap300,map2,rrt_online,10,0.0,0,2000,20,673,988,1747,0,1747,2481,70.65
R4_online_cap1000_map2,online_cap1000,map2,rrt_online,10,0.0,0,2000,20,502,127,1464,0,1464,1340,108.36
R1_libvariants_map2,lib_filter,map2,original,2,0.0,0,2000,21,97,14,54,0,54,22,14.59
R1_libvariants_map2,lib_filter,map2,original,10,0.0,0,2000,20,440,135,1499,0,1499,147,208.66
R1_libvariants_map2,lib_regen,map2,original,2,0.0,0,2000,21,122,13,30,0,30,7,29.61
R1_libvariants_map2,lib_repair,map2,original,2,0.0,0,2000,21,94,9,29,0,29,5,27.24
R3_prioritized_map2,prioritized,map2,prioritized,2,0.0,0,2000,21,175,0,2,0,2,179,1.4
R4_online_cap1000_map2,online_cap1000,map2,rrt_online,2,0.0,0,2000,21,121,3,28,0,28,133,10.34
R4_online_cap300_map2,online_cap300,map2,rrt_online,2,0.0,0,2000,21,146,122,50,0,50,289,9.1
R1_libvariants_map2,lib_repair,map2,original,10,0.0,0,2000,20,428,124,1640,0,1640,55,224.05
R2_scripted_map2,scripted_original,map2,original,2,0.0,0,2000,21,93,6,207,179,28,13,50.78
R2_scripted_map2,scripted_alternative,map2,alternative,2,0.0,0,2000,21,95,1,38,0,38,4,27.09
R1_libvariants_map2,lib_regen,map2,original,10,0.0,0,2000,20,486,111,1480,0,1480,40,230.24
R2_scripted_map2,scripted_alternative,map2,alternative,10,0.0,0,2000,20,456,47,1363,0,1363,20,231.79
R5_transfer_map3,hybrid_map3lib,map3,map3lib,2,0.0,0,2000,21,87,16,56,0,56,14,46.73
R2_scripted_map2,scripted_original,map2,original,10,0.0,0,2000,20,419,98,2402,1024,1378,50,254.94
R3_prioritized_map2,prioritized,map2,prioritized,4,0.0,0,2000,21,349,1,12,0,12,366,4.3
R1_libvariants_map2,lib_filter,map2,original,4,0.0,0,2000,21,202,33,166,0,166,34,48.48
R1_libvariants_map2,lib_repair,map2,original,4,0.0,0,2000,21,187,28,279,0,279,24,61.25
R1_libvariants_map2,lib_regen,map2,original,4,0.0,0,2000,21,208,25,202,0,202,10,55.84
R4_online_cap300_map2,online_cap300,map2,rrt_online,4,0.0,0,2000,21,288,294,248,0,248,711,17.57
R4_online_cap1000_map2,online_cap1000,map2,rrt_online,4,0.0,0,2000,21,220,20,146,0,146,324,25.76
R5_transfer_map3,hybrid_original,map3,original,6,0.0,0,2000,20,82,367,3389,2964,425,106,497.64
R5_transfer_map3,hybrid_map3lib,map3,map3lib,8,0.0,0,2000,20,325,111,1358,0,1358,68,368.78
R5_transfer_map3,hybrid_original,map3,original,2,0.0,0,2000,21,30,122,1017,998,19,32,111.66
R2_scripted_map2,scripted_original,map2,original,4,0.0,0,2000,21,173,26,599,366,233,23,67.7
R3_prioritized_map2,prioritized,map2,prioritized,6,0.0,0,2000,21,517,1,34,0,34,558,5.53
R2_scripted_map2,scripted_alternative,map2,alternative,4,0.0,0,2000,21,188,3,253,0,253,7,63.8
R1_libvariants_map2,lib_filter,map2,original,6,0.0,0,2000,21,302,61,542,0,542,67,61.99
R4_online_cap300_map2,online_cap300,map2,rrt_online,6,0.0,0,2000,21,426,423,555,0,555,1133,31.63
R4_online_cap1000_map2,online_cap1000,map2,rrt_online,6,0.0,0,2000,21,336,52,472,0,472,651,44.26
R1_libvariants_map2,lib_repair,map2,original,6,0.0,0,2000,21,272,48,567,0,567,20,98.35
R1_libvariants_map2,lib_regen,map2,original,6,0.0,0,2000,21,311,46,462,0,462,23,96.04
R5_transfer_map3,hybrid_original,map3,original,10,0.0,0,2000,19,153,613,5757,4580,1177,199,967.82
R5_transfer_map3,hybrid_map3lib,map3,map3lib,4,0.0,0,2000,21,174,39,288,0,288,29,112.91
R2_scripted_map2,scripted_alternative,map2,alternative,6,0.0,0,2000,21,291,14,444,0,444,6,108.62
R3_prioritized_map2,prioritized,map2,prioritized,8,0.0,0,2000,21,681,2,79,0,79,770,7.98
R2_scripted_map2,scripted_original,map2,original,6,0.0,0,2000,21,268,39,1069,637,432,22,138.9
R1_libvariants_map2,lib_filter,map2,original,8,0.0,0,2000,21,363,109,925,0,925,122,95.39
R4_online_cap300_map2,online_cap300,map2,rrt_online,8,0.0,0,2000,21,563,785,1076,0,1076,1861,39.95
R4_online_cap1000_map2,online_cap1000,map2,rrt_online,8,0.0,0,2000,21,416,95,863,0,863,946,57.38
R5_transfer_map3,hybrid_original,map3,original,8,0.0,0,2000,20,123,488,4491,3743,748,138,622.58
R1_libvariants_map2,lib_repair,map2,original,8,0.0,0,2000,21,362,87,1158,0,1158,38,145.28
R1_libvariants_map2,lib_regen,map2,original,8,0.0,0,2000,21,443,64,821,0,821,21,142.29
R5_transfer_map3,hybrid_original,map3,original,4,0.0,0,2000,21,70,230,2081,1947,134,62,273.01
R5_transfer_map3,hybrid_map3lib,map3,map3lib,10,0.0,0,2000,20,415,141,2104,0,2104,92,476.66
R3_prioritized_map2,prioritized,map2,prioritized,10,0.0,0,2000,21,866,3,106,0,106,984,11.08
R2_scripted_map2,scripted_alternative,map2,alternative,8,0.0,0,2000,21,364,32,956,0,956,24,164.59
R5_transfer_map3,hybrid_map3lib,map3,map3lib,6,0.0,0,2000,21,250,82,663,0,663,48,212.57
R2_scripted_map2,scripted_original,map2,original,8,0.0,0,2000,21,331,85,1936,852,1084,43,210.79
R4_online_cap300_map2,online_cap300,map2,rrt_online,10,0.0,0,2000,21,704,924,1476,0,1476,2325,60.64
R1_libvariants_map2,lib_filter,map2,original,10,0.0,0,2000,21,429,147,1515,0,1515,147,152.56
R1_libvariants_map2,lib_filter,map2,original,2,0.0,0,2000,22,98,14,33,0,33,21,13.36
R4_online_cap1000_map2,online_cap1000,map2,rrt_online,10,0.0,0,2000,21,511,154,1305,0,1305,1292,95.81
R1_libvariants_map2,lib_repair,map2,original,2,0.0,0,2000,22,107,10,31,0,31,3,20.91
R1_libvariants_map2,lib_regen,map2,original,2,0.0,0,2000,22,115,9,47,0,47,4,26.71
R3_prioritized_map2,prioritized,map2,prioritized,2,0.0,0,2000,22,173,0,4,0,4,179,1.25
R4_online_cap1000_map2,online_cap1000,map2,rrt_online,2,0.0,0,2000,22,114,4,18,0,18,126,10.11
R1_libvariants_map2,lib_repair,map2,original,10,0.0,0,2000,21,423,127,1456,0,1456,68,190.99
R2_scripted_map2,scripted_original,map2,original,2,0.0,0,2000,22,97,13,237,210,27,7,45.37
R2_scripted_map2,scripted_alternative,map2,alternative,2,0.0,0,2000,22,93,1,51,0,51,5,31.01
R4_online_cap300_map2,online_cap300,map2,rrt_online,2,0.0,0,2000,22,152,133,52,0,52,311,11.1
R5_transfer_map3,hybrid_original,map3,original,6,0.0,0,2000,21,95,336,3264,2858,406,88,381.09
R1_libvariants_map2,lib_regen,map2,original,10,0.0,0,2000,21,505,122,1371,0,1371,28,194.3
R2_scripted_map2,scripted_alternative,map2,alternative,10,0.0,0,2000,21,410,42,1636,0,1636,24,220.55
R2_scripted_map2,scripted_original,map2,original,10,0.0,0,2000,21,432,107,2423,1027,1396,57,227.75
R3_prioritized_map2,prioritized,map2,prioritized,4,0.0,0,2000,22,338,1,11,0,11,354,3.94
R1_libvariants_map2,lib_filter,map2,original,4,0.0,0,2000,22,190,37,155,0,155,38,49.63
R5_transfer_map3,hybrid_map3lib,map3,map3lib,2,0.0,0,2000,22,95,12,68,0,68,5,46.37
R1_libvariants_map2,lib_repair,map2,original,4,0.0,0,2000,22,194,31,222,0,222,15,61.8
R4_online_cap300_map2,online_cap300,map2,rrt_online,4,0.0,0,2000,22,280,231,225,0,225,617,20.02
R4_online_cap1000_map2,online_cap1000,map2,rrt_online,4,0.0,0,2000,22,237,22,185,0,185,353,24.03
R1_libvariants_map2,lib_regen,map2,original,4,0.0,0,2000,22,233,34,236,0,236,7,64.81
R2_scripted_map2,scripted_original,map2,original,4,0.0,0,2000,22,180,29,628,401,227,17,82.07
R2_scripted_map2,scripted_alternative,map2,alternative,4,0.0,0,2000,22,188,7,194,0,194,6,62.49
R5_transfer_map3,hybrid_original,map3,original,2,0.0,0,2000,22,27,119,1047,1047,0,31,130.81
R3_prioritized_map2,prioritized,map2,prioritized,6,0.0,0,2000,22,521,5,36,0,36,568,10.14
R1_libvariants_map2,lib_filter,map2,original,6,0.0,0,2000,22,289,58,527,0,527,69,61.39
R5_transfer_map3,hybrid_map3lib,map3,map3lib,8,0.0,0,2000,21,337,107,1291,0,1291,84,409.3
R4_online_cap300_map2,online_cap300,map2,rrt_online,6,0.0,0,2000,22,431,474,583,0,583,1207,29.08
R4_online_cap1000_map2,online_cap1000,map2,rrt_online,6,0.0,0,2000,22,338,63,377,0,377,604,42.74
R1_libvariants_map2,lib_repair,map2,original,6,0.0,0,2000,22,272,48,501,0,501,20,100.48
R5_transfer_map3,hybrid_original,map3,original,10,0.0,0,2000,20,160,624,5860,4624,1236,184,854.59
R1_libvariants_map2,lib_regen,map2,original,6,0.0,0,2000,22,333,60,445,0,445,12,107.91
R5_transfer_map3,hybrid_map3lib,map3,map3lib,4,0.0,0,2000,22,174,34,303,0,303,30,131.2
R2_scripted_map2,scripted_original,map2,original,6,0.0,0,2000,22,274,54,1138,626,512,25,144.21
R2_scripted_map2,scripted_alternative,map2,alternative,6,0.0,0,2000,22,291,13,489,0,489,14,121.01
R3_prioritized_map2,prioritized,map2,prioritized,8,0.0,0,2000,22,694,11,80,0,80,793,15.07
R1_libvariants_map2,lib_filter,map2,original,8,0.0,0,2000,22,363,99,931,0,931,108,86.18
R5_transfer_map3,hybrid_original,map3,original,8,0.0,0,2000,21,121,496,4608,3826,782,130,563.03
R4_online_cap300_map2,online_cap300,map2,rrt_online,8,0.0,0,2000,22,534,755,984,0,984,1763,41.78
R4_online_cap1000_map2,online_cap1000,map2,rrt_online,8,0.0,0,2000,22,412,95,862,0,862,924,73.56
R5_transfer_map3,hybrid_original,map3,original,4,0.0,0,2000,22,61,233,2079,1948,131,76,280.14
R1_libvariants_map2,lib_repair,map2,original,8,0.0,0,2000,22,354,82,962,0,962,31,148.95
R1_libvariants_map2,lib_regen,map2,original,8,0.0,0,2000,22,418,92,1097,0,1097,22,147.18
R2_scripted_map2,scripted_original,map2,original,8,0.0,0,2000,22,369,62,1610,811,799,39,202.21
R2_scripted_map2,scripted_alternative,map2,alternative,8,0.0,0,2000,22,377,28,1009,0,1009,23,203.05
R5_transfer_map3,hybrid_map3lib,map3,map3lib,6,0.0,0,2000,22,248,70,670,0,670,51,248.46
R3_prioritized_map2,prioritized,map2,prioritized,10,0.0,0,2000,22,869,12,108,0,108,999,25.75
R1_libvariants_map2,lib_filter,map2,original,10,0.0,0,2000,22,397,144,1689,0,1689,161,178.75
R4_online_cap300_map2,online_cap300,map2,rrt_online,10,0.0,0,2000,22,665,1037,1682,0,1682,2507,69.67
R5_transfer_map3,hybrid_map3lib,map3,map3lib,10,0.0,0,2000,21,424,158,2035,0,2035,109,648.89
R1_libvariants_map2,lib_filter,map2,original,2,0.0,0,2000,23,96,12,19,0,19,18,28.33
R4_online_cap1000_map2,online_cap1000,map2,rrt_online,10,0.0,0,2000,22,529,160,1345,0,1345,1364,122.57
R1_libvariants_map2,lib_repair,map2,original,10,0.0,0,2000,22,412,151,1792,0,1792,59,249.01
R1_libvariants_map2,lib_repair,map2,original,2,0.0,0,2000,23,94,17,55,0,55,11,34.51
R3_prioritized_map2,prioritized,map2,prioritized,2,0.0,0,2000,23,168,0,2,0,2,172,1.09
R4_online_cap1000_map2,online_cap1000,map2,rrt_online,2,0.0,0,2000,23,123,16,41,0,41,163,16.79
R2_scripted_map2,scripted_original,map2,original,2,0.0,0,2000,23,104,7,242,206,36,9,42.76
R1_libvariants_map2,lib_regen,map2,original,2,0.0,0,2000,23,117,3,24,0,24,6,46.84
R1_libvariants_map2,lib_regen,map2,original,10,0.0,0,2000,22,529,91,1442,0,1442,29,267.96
R4_online_cap300_map2,online_cap300,map2,rrt_online,2,0.0,0,2000,23,144,122,48,0,48,289,9.58
R2_scripted_map2,scripted_alternative,map2,alternative,2,0.0,0,2000,23,99,3,40,0,40,4,31.82
R2_scripted_map2,scripted_alternative,map2,alternative,10,0.0,0,2000,22,448,40,1374,0,1374,23,282.9
R5_transfer_map3,hybrid_original,map3,original,6,0.0,0,2000,22,87,358,3371,2883,488,96,496.49
R1_libvariants_map2,lib_filter,map2,original,4,0.0,0,2000,23,193,43,208,0,208,32,30.88
R3_prioritized_map2,prioritized,map2,prioritized,4,0.0,0,2000,23,345,0,16,0,16,365,2.08
R4_online_cap1000_map2,online_cap1000,map2,rrt_online,4,0.0,0,2000,23,233,19,130,0,130,319,23.22
R5_transfer_map3,hybrid_map3lib,map3,map3lib,2,0.0,0,2000,23,94,14,32,0,32,8,54.23
R4_online_cap300_map2,online_cap300,map2,rrt_online,4,0.0,0,2000,23,294,268,199,0,199,670,20.56
R1_libvariants_map2,lib_repair,map2,original,4,0.0,0,2000,23,180,23,172,0,172,13,80.83
R1_libvariants_map2,lib_regen,map2,original,4,0.0,0,2000,23,227,26,136,0,136,11,69.95
R5_transfer_map3,hybrid_original,map3,original,2,0.0,0,2000,23,37,110,853,835,18,31,109.08
R5_transfer_map3,hybrid_map3lib,map3,map3lib,8,0.0,0,2000,22,318,93,1570,0,1570,72,438.27
R2_scripted_map2,scripted_alternative,map2,alternative,4,0.0,0,2000,23,184,9,208,0,208,10,70.33
R2_scripted_map2,scripted_original,map2,original,10,0.0,0,2000,22,430,105,2363,797,1566,51,386.32
R5_transfer_map3,hybrid_original,map3,original,10,0.0,0,2000,21,153,622,5923,4693,1230,174,899.57
R3_prioritized_map2,prioritized,map2,prioritized,6,0.0,0,2000,23,506,0,35,0,35,547,3.51
R2_scripted_map2,scripted_original,map2,original,4,0.0,0,2000,23,189,22,546,413,133,16,95.09
R4_online_cap300_map2,online_cap300,map2,rrt_online,6,0.0,0,2000,23,407,457,570,0,570,1158,38.37
R4_online_cap1000_map2,online_cap1000,map2,rrt_online,6,0.0,0,2000,23,336,50,389,0,389,592,50.98
R1_libvariants_map2,lib_filter,map2,original,6,0.0,0,2000,23,273,72,505,0,505,64,91.31
R1_libvariants_map2,lib_repair,map2,original,6,0.0,0,2000,23,272,51,434,0,434,24,100.01
R5_transfer_map3,hybrid_map3lib,map3,map3lib,4,0.0,0,2000,23,181,30,300,0,300,33,112.15
R1_libvariants_map2,lib_regen,map2,original,6,0.0,0,2000,23,315,52,477,0,477,19,103.85
R2_scripted_map2,scripted_alternative,map2,alternative,6,0.0,0,2000,23,288,23,431,0,431,8,117.23
R3_prioritized_map2,prioritized,map2,prioritized,8,0.0,0,2000,23,678,2,70,0,70,758,6.99
R2_scripted_map2,scripted_original,map2,original,6,0.0,0,2000,23,278,43,1057,587,470,25,135.12
R1_libvariants_map2,lib_filter,map2,original,8,0.0,0,2000,23,353,95,1027,0,1027,102,111.65
R5_transfer_map3,hybrid_original,map3,original,4,0.0,0,2000,23,58,212,2077,1869,208,69,221.72
R4_online_cap300_map2,online_cap300,map2,rrt_online,8,0.0,0,2000,23,537,694,1058,0,1058,1767,41.15
R4_online_cap1000_map2,online_cap1000,map2,rrt_online,8,0.0,0,2000,23,436,101,836,0,836,940,63.68
R1_libvariants_map2,lib_regen,map2,original,8,0.0,0,2000,23,423,51,753,0,753,34,117.37
R5_transfer_map3,hybrid_original,map3,original,8,0.0,0,2000,22,135,469,4381,3720,661,147,686.83
R1_libvariants_map2,lib_repair,map2,original,8,0.0,0,2000,23,354,74,966,0,966,38,141.18
R2_scripted_map2,scripted_original,map2,original,8,0.0,0,2000,23,367,64,1607,655,952,39,136.29
R3_prioritized_map2,prioritized,map2,prioritized,10,0.0,0,2000,23,855,4,133,0,133,1002,7.17
R2_scripted_map2,scripted_alternative,map2,alternative,8,0.0,0,2000,23,361,27,817,0,817,16,130.62
R5_transfer_map3,hybrid_map3lib,map3,map3lib,6,0.0,0,2000,23,259,59,677,0,677,44,208.68
R1_libvariants_map2,lib_filter,map2,original,10,0.0,0,2000,23,413,160,1647,0,1647,162,116.88
R4_online_cap300_map2,online_cap300,map2,rrt_online,10,0.0,0,2000,23,681,1060,1609,0,1609,2547,63.17
R1_libvariants_map2,lib_filter,map2,original,2,0.0,0,2000,24,97,14,31,0,31,18,17.06
R4_online_cap1000_map2,online_cap1000,map2,rrt_online,10,0.0,0,2000,23,524,136,1320,0,1320,1331,108.08
R5_transfer_map3,hybrid_original,map3,original,6,0.0,0,2000,23,98,362,3294,2854,440,101,364.39
R1_libvariants_map2,lib_repair,map2,original,2,0.0,0,2000,24,89,12,35,0,35,3,26.61
R1_libvariants_map2,lib_regen,map2,original,2,0.0,0,2000,24,125,11,27,0,27,1,31.85
R3_prioritized_map2,prioritized,map2,prioritized,2,0.0,0,2000,24,168,0,0,0,0,170,1.32
R4_online_cap1000_map2,online_cap1000,map2,rrt_online,2,0.0,0,2000,24,114,16,39,0,39,156,16.24
R4_online_cap300_map2,online_cap300,map2,rrt_online,2,0.0,0,2000,24,150,112,42,0,42,287,9.92
R2_scripted_map2,scripted_original,map2,original,2,0.0,0,2000,24,97,10,203,171,32,6,39.12
R5_transfer_map3,hybrid_map3lib,map3,map3lib,10,0.0,0,2000,22,424,142,1976,0,1976,114,666.02
R1_libvariants_map2,lib_regen,map2,original,10,0.0,0,2000,23,544,114,1300,0,1300,40,221.14
R2_scripted_map2,scripted_alternative,map2,alternative,2,0.0,0,2000,24,97,3,35,0,35,2,37.72
R1_libvariants_map2,lib_repair,map2,original,10,0.0,0,2000,23,435,134,1619,0,1619,58,262.99
R1_libvariants_map2,lib_filter,map2,original,4,0.0,0,2000,24,186,40,215,0,215,43,39.43
R5_transfer_map3,hybrid_map3lib,map3,map3lib,2,0.0,0,2000,24,82,19,54,0,54,11,37.4
R3_prioritized_map2,prioritized,map2,prioritized,4,0.0,0,2000,24,333,2,16,0,16,355,5.78
R2_scripted_map2,scripted_alternative,map2,alternative,10,0.0,0,2000,23,438,47,1493,0,1493,23,282.97
R2_scripted_map2,scripted_original,map2,original,10,0.0,0,2000,23,438,91,2411,1075,1336,61,301.88
R4_online_cap1000_map2,online_cap1000,map2,rrt_online,4,0.0,0,2000,24,219,40,230,0,230,367,38.28
R1_libvariants_map2,lib_regen,map2,original,4,0.0,0,2000,24,224,27,155,0,155,13,69.75
R4_online_cap300_map2,online_cap300,map2,rrt_online,4,0.0,0,2000,24,299,278,280,0,280,731,25.45
R1_libvariants_map2,lib_repair,map2,original,4,0.0,0,2000,24,189,25,253,0,253,15,82.36
R5_transfer_map3,hybrid_map3lib,map3,map3lib,8,0.0,0,2000,23,356,90,1341,0,1341,71,389.95
R5_transfer_map3,hybrid_original,map3,original,2,0.0,0,2000,24,42,109,941,895,46,27,146.15
R5_transfer_map3,hybrid_original,map3,original,10,0.0,0,2000,22,157,636,5868,4696,1172,192,889.48
R2_scripted_map2,scripted_alternative,map2,alternative,4,0.0,0,2000,24,193,10,166,0,166,6,78.23
R3_prioritized_map2,prioritized,map2,prioritized,6,0.0,0,2000,24,508,2,34,0,34,549,9.26
R2_scripted_map2,scripted_original,map2,original,4,0.0,0,2000,24,191,32,611,442,169,16,142.77
R4_online_cap300_map2,online_cap300,map2,rrt_online,6,0.0,0,2000,24,437,492,640,0,640,1201,38.14
R4_online_cap1000_map2,online_cap1000,map2,rrt_online,6,0.0,0,2000,24,345,60,406,0,406,609,47.98
R1_libvariants_map2,lib_regen,map2,original,6,0.0,0,2000,24,331,49,426,0,426,23,107.47
R1_libvariants_map2,lib_repair,map2,original,6,0.0,0,2000,24,285,48,475,0,475,28,118.69
R1_libvariants_map2,lib_filter,map2,original,6,0.0,0,2000,24,291,48,495,0,495,73,138.39
R5_transfer_map3,hybrid_map3lib,map3,map3lib,4,0.0,0,2000,24,177,51,257,0,257,41,155.95
R2_scripted_map2,scripted_original,map2,original,6,0.0,0,2000,24,277,37,1099,568,531,26,130.58
R2_scripted_map2,scripted_alternative,map2,alternative,6,0.0,0,2000,24,279,13,486,0,486,16,123.35
R3_prioritized_map2,prioritized,map2,prioritized,8,0.0,0,2000,24,679,3,68,0,68,757,12.76
R1_libvariants_map2,lib_filter,map2,original,8,0.0,0,2000,24,366,94,895,0,895,107,124.2
R4_online_cap300_map2,online_cap300,map2,rrt_online,8,0.0,0,2000,24,570,733,1048,0,1048,1843,54.53
R4_online_cap1000_map2,online_cap1000,map2,rrt_online,8,0.0,0,2000,24,426,89,790,0,790,914,74.47
R1_libvariants_map2,lib_repair,map2,original,8,0.0,0,2000,24,358,100,965,0,965,32,164.84
R1_libvariants_map2,lib_regen,map2,original,8,0.0,0,2000,24,424,59,832,0,832,33,170.53
R5_transfer_map3,hybrid_original,map3,original,4,0.0,0,2000,24,60,247,2191,2034,157,60,354.64
R5_transfer_map3,hybrid_original,map3,original,8,0.0,0,2000,23,119,495,4578,3837,741,149,718.51
R2_scripted_map2,scripted_original,map2,original,8,0.0,0,2000,24,353,68,1583,671,912,33,233.42
R5_transfer_map3,hybrid_map3lib,map3,map3lib,6,0.0,0,2000,24,258,73,761,0,761,51,284.45
R5_transfer_map3,hybrid_map3lib,map3,map3lib,10,0.0,0,2000,23,413,138,2094,0,2094,100,613.15
R2_scripted_map2,scripted_alternative,map2,alternative,8,0.0,0,2000,24,365,27,958,0,958,20,217.22
R3_prioritized_map2,prioritized,map2,prioritized,10,0.0,0,2000,24,854,5,122,0,122,991,17.53
R1_libvariants_map2,lib_filter,map2,original,10,0.0,0,2000,24,413,136,1552,0,1552,171,175.0
R4_online_cap300_map2,online_cap300,map2,rrt_online,10,0.0,0,2000,24,712,1062,1570,0,1570,2560,70.2
R1_libvariants_map2,lib_filter,map2,original,2,0.0,0,2000,25,103,13,80,0,80,15,14.29
R4_online_cap1000_map2,online_cap1000,map2,rrt_online,10,0.0,0,2000,24,531,162,1240,0,1240,1325,107.92
R1_libvariants_map2,lib_repair,map2,original,2,0.0,0,2000,25,96,8,29,0,29,5,23.83
R1_libvariants_map2,lib_regen,map2,original,2,0.0,0,2000,25,120,9,39,0,39,3,26.23
R3_prioritized_map2,prioritized,map2,prioritized,2,0.0,0,2000,25,167,0,5,0,5,174,1.34
R4_online_cap1000_map2,online_cap1000,map2,rrt_online,2,0.0,0,2000,25,117,4,32,0,32,132,9.14
R4_online_cap300_map2,online_cap300,map2,rrt_online,2,0.0,0,2000,25,146,98,33,0,33,259,8.77
R2_scripted_map2,scripted_original,map2,original,2,0.0,0,2000,25,94,15,271,250,21,3,43.32
R2_scripted_map2,scripted_alternative,map2,alternative,2,0.0,0,2000,25,89,3,72,0,72,1,35.05
R1_libvariants_map2,lib_repair,map2,original,10,0.0,0,2000,24,427,119,1638,0,1638,56,256.47
R1_libvariants_map2,lib_regen,map2,original,10,0.0,0,2000,24,503,119,1488,0,1488,43,274.55
R5_transfer_map3,hybrid_original,map3,original,6,0.0,0,2000,24,104,362,3226,2817,409,89,522.99
R1_libvariants_map2,lib_filter,map2,original,4,0.0,0,2000,25,198,37,249,0,249,34,38.08
R5_transfer_map3,hybrid_map3lib,map3,map3lib,2,0.0,0,2000,25,93,13,33,0,33,8,30.64
R3_prioritized_map2,prioritized,map2,prioritized,4,0.0,0,2000,25,340,0,18,0,18,362,2.9
R2_scripted_map2,scripted_alternative,map2,alternative,10,0.0,0,2000,24,424,47,1489,0,1489,24,246.82
R4_online_cap300_map2,online_cap300,map2,rrt_online,4,0.0,0,2000,25,293,280,185,0,185,678,26.58
R4_online_cap1000_map2,online_cap1000,map2,rrt_online,4,0.0,0,2000,25,223,26,154,0,154,341,31.02
R1_libvariants_map2,lib_repair,map2,original,4,0.0,0,2000,25,186,31,224,0,224,18,74.24
R5_transfer_map3,hybrid_map3lib,map3,map3lib,8,0.0,0,2000,24,344,103,1191,0,1191,79,413.19
R1_libvariants_map2,lib_regen,map2,original,4,0.0,0,2000,25,233,30,157,0,157,8,71.61
R2_scripted_map2,scripted_original,map2,original,10,0.0,0,2000,24,462,80,2204,1003,1201,57,355.4
R2_scripted_map2,scripted_alternative,map2,alternative,4,0.0,0,2000,25,194,4,146,0,146,3,80.5
R2_scripted_map2,scripted_original,map2,original,4,0.0,0,2000,25,189,24,614,407,207,18,89.78
R3_prioritized_map2,prioritized,map2,prioritized,6,0.0,0,2000,25,505,0,31,0,31,542,4.4
R1_libvariants_map2,lib_filter,map2,original,6,0.0,0,2000,25,255,69,542,0,542,62,60.13
R5_transfer_map3,hybrid_original,map3,original,2,0.0,0,2000,25,39,121,1034,1020,14,25,198.86
R4_online_cap300_map2,online_cap300,map2,rrt_online,6,0.0,0,2000,25,424,508,531,0,531,1197,34.52
R4_online_cap1000_map2,online_cap1000,map2,rrt_online,6,0.0,0,2000,25,335,68,479,0,479,634,54.07
R5_transfer_map3,hybrid_map3lib,map3,map3lib,4,0.0,0,2000,25,180,34,263,0,263,26,127.54
R1_libvariants_map2,lib_regen,map2,original,6,0.0,0,2000,25,336,42,447,0,447,15,113.8
R1_libvariants_map2,lib_repair,map2,original,6,0.0,0,2000,25,251,61,636,0,636,33,127.24
R2_scripted_map2,scripted_alternative,map2,alternative,6,0.0,0,2000,25,279,14,440,0,440,17,124.8
R5_transfer_map3,hybrid_original,map3,original,10,0.0,0,2000,23,169,662,6034,4927,1107,162,1146.9
R2_scripted_map2,scripted_original,map2,original,6,0.0,0,2000,25,264,42,1010,614,396,27,140.65
R3_prioritized_map2,prioritized,map2,prioritized,8,0.0,0,2000,25,677,4,69,0,69,758,10.52
R1_libvariants_map2,lib_filter,map2,original,8,0.0,0,2000,25,359,93,1026,0,1026,96,116.91
R4_online_cap300_map2,online_cap300,map2,rrt_online,8,0.0,0,2000,25,529,650,1141,0,1141,1706,51.96
R5_transfer_map3,hybrid_original,map3,original,8,0.0,0,2000,24,121,480,4558,3881,677,136,698.52
R4_online_cap1000_map2,online_cap1000,map2,rrt_online,8,0.0,0,2000,25,413,78,822,0,822,883,75.35
R5_transfer_map3,hybrid_original,map3,original,4,0.0,0,2000,25,71,232,1995,1834,161,58,296.37
R1_libvariants_map2,lib_repair,map2,original,8,0.0,0,2000,25,344,78,1111,0,1111,37,147.88
R1_libvariants_map2,lib_regen,map2,original,8,0.0,0,2000,25,420,86,939,0,939,33,177.69
R2_scripted_map2,scripted_original,map2,original,8,0.0,0,2000,25,361,71,1734,821,913,36,222.22
R5_transfer_map3,hybrid_map3lib,map3,map3lib,6,0.0,0,2000,25,266,70,708,0,708,48,273.37
R2_scripted_map2,scripted_alternative,map2,alternative,8,0.0,0,2000,25,379,32,884,0,884,11,201.39
R3_prioritized_map2,prioritized,map2,prioritized,10,0.0,0,2000,25,856,8,111,0,111,985,17.01
R4_online_cap300_map2,online_cap300,map2,rrt_online,10,0.0,0,2000,25,677,1007,1738,0,1738,2465,59.51
R5_transfer_map3,hybrid_map3lib,map3,map3lib,10,0.0,0,2000,24,439,117,1949,0,1949,117,715.69
R1_libvariants_map2,lib_filter,map2,original,10,0.0,0,2000,25,426,150,1689,0,1689,156,196.84
R1_libvariants_map2,lib_regen,map2,original,10,0.0,0,2000,25,489,120,1393,0,1393,41,189.07
R1_libvariants_map2,lib_filter,map2,original,2,0.0,0,2000,26,98,11,21,0,21,16,9.73
R4_online_cap1000_map2,online_cap1000,map2,rrt_online,10,0.0,0,2000,25,514,140,1290,0,1290,1315,101.65
R1_libvariants_map2,lib_repair,map2,original,2,0.0,0,2000,26,94,13,55,0,55,1,16.14
R3_prioritized_map2,prioritized,map2,prioritized,2,0.0,0,2000,26,172,0,2,0,2,175,0.79
R4_online_cap1000_map2,online_cap1000,map2,rrt_online,2,0.0,0,2000,26,119,6,25,0,25,142,5.98
R1_libvariants_map2,lib_regen,map2,original,2,0.0,0,2000,26,106,6,29,0,29,8,14.6
R1_libvariants_map2,lib_repair,map2,original,10,0.0,0,2000,25,431,135,1663,0,1663,60,225.95
R4_online_cap300_map2,online_cap300,map2,rrt_online,2,0.0,0,2000,26,136,116,61,0,61,280,4.75
R5_transfer_map3,hybrid_original,map3,original,10,0.0,0,2000,24,152,627,5727,4678,1049,170,788.71
R2_scripted_map2,scripted_original,map2,original,2,0.0,0,2000,26,98,3,214,188,26,4,19.61
R2_scripted_map2,scripted_alternative,map2,alternative,2,0.0,0,2000,26,98,4,25,0,25,3,16.89
R5_transfer_map3,hybrid_original,map3,original,6,0.0,0,2000,25,100,364,3290,2835,455,109,439.11
R2_scripted_map2,scripted_original,map2,original,10,0.0,0,2000,25,439,90,2480,1035,1445,54,230.64
R3_prioritized_map2,prioritized,map2,prioritized,4,0.0,0,2000,26,352,1,8,0,8,365,3.39
R5_transfer_map3,hybrid_map3lib,map3,map3lib,2,0.0,0,2000,26,84,11,34,0,34,11,24.4
R1_libvariants_map2,lib_filter,map2,original,4,0.0,0,2000,26,183,32,191,0,191,47,26.82
R4_online_cap300_map2,online_cap300,map2,rrt_online,4,0.0,0,2000,26,297,273,165,0,165,647,15.25
R4_online_cap1000_map2,online_cap1000,map2,rrt_online,4,0.0,0,2000,26,238,17,249,0,249,373,26.7
R1_libvariants_map2,lib_repair,map2,original,4,0.0,0,2000,26,187,31,197,0,197,15,48.06
R1_libvariants_map2,lib_regen,map2,original,4,0.0,0,2000,26,220,27,221,0,221,12,57.63
R2_scripted_map2,scripted_alternative,map2,alternative,10,0.0,0,2000,25,432,53,1672,0,1672,25,232.4
R2_scripted_map2,scripted_original,map2,original,4,0.0,0,2000,26,187,26,689,509,180,18,77.43
R5_transfer_map3,hybrid_map3lib,map3,map3lib,8,0.0,0,2000,25,336,76,1195,0,1195,63,331.37
R5_transfer_map3,hybrid_original,map3,original,2,0.0,0,2000,26,36,96,911,894,17,31,92.33
R3_prioritized_map2,prioritized,map2,prioritized,6,0.0,0,2000,26,539,4,34,0,34,583,8.51
R2_scripted_map2,scripted_alternative,map2,alternative,4,0.0,0,2000,26,194,5,157,0,157,5,78.3
R4_online_cap300_map2,online_cap300,map2,rrt_online,6,0.0,0,2000,26,421,450,500,0,500,1120,30.14
R4_online_cap1000_map2,online_cap1000,map2,rrt_online,6,0.0,0,2000,26,319,36,517,0,517,605,42.46
R1_libvariants_map2,lib_filter,map2,original,6,0.0,0,2000,26,259,57,556,0,556,82,84.51
R1_libvariants_map2,lib_repair,map2,original,6,0.0,0,2000,26,269,50,584,0,584,17,108.52
R1_libvariants_map2,lib_regen,map2,original,6,0.0,0,2000,26,325,48,538,0,538,23,96.28
R5_transfer_map3,hybrid_map3lib,map3,map3lib,4,0.0,0,2000,26,172,37,351,0,351,34,128.37
R2_scripted_map2,scripted_alternative,map2,alternative,6,0.0,0,2000,26,282,14,400,0,400,13,116.96
R3_prioritized_map2,prioritized,map2,prioritized,8,0.0,0,2000,26,717,5,68,0,68,798,9.04
R2_scripted_map2,scripted_original,map2,original,6,0.0,0,2000,26,273,42,1003,570,433,28,136.61
R1_libvariants_map2,lib_filter,map2,original,8,0.0,0,2000,26,365,96,972,0,972,130,96.78
R4_online_cap300_map2,online_cap300,map2,rrt_online,8,0.0,0,2000,26,572,740,1006,0,1006,1832,43.25
R4_online_cap1000_map2,online_cap1000,map2,rrt_online,8,0.0,0,2000,26,406,93,825,0,825,896,66.26
R1_libvariants_map2,lib_regen,map2,original,8,0.0,0,2000,26,401,80,860,0,860,21,124.73
R1_libvariants_map2,lib_repair,map2,original,8,0.0,0,2000,26,358,95,1069,0,1069,51,160.14
R2_scripted_map2,scripted_original,map2,original,8,0.0,0,2000,26,369,68,1697,829,868,40,169.18
R2_scripted_map2,scripted_alternative,map2,alternative,8,0.0,0,2000,26,363,25,847,0,847,14,157.11
R5_transfer_map3,hybrid_original,map3,original,4,0.0,0,2000,26,57,254,2198,2039,159,70,333.78
R5_transfer_map3,hybrid_original,map3,original,8,0.0,0,2000,25,126,501,4605,3889,716,143,643.0
R5_transfer_map3,hybrid_map3lib,map3,map3lib,6,0.0,0,2000,26,261,73,626,0,626,40,238.16
R3_prioritized_map2,prioritized,map2,prioritized,10,0.0,0,2000,26,881,6,124,0,124,1020,10.33
R4_online_cap300_map2,online_cap300,map2,rrt_online,10,0.0,0,2000,26,689,1024,1565,0,1565,2465,59.52
R5_transfer_map3,hybrid_map3lib,map3,map3lib,10,0.0,0,2000,25,416,161,2159,0,2159,73,496.33
R1_libvariants_map2,lib_filter,map2,original,10,0.0,0,2000,26,446,126,1391,0,1391,167,172.29
R1_libvariants_map2,lib_filter,map2,original,2,0.0,0,2000,27,101,10,26,0,26,14,14.8
R4_online_cap1000_map2,online_cap1000,map2,rrt_online,10,0.0,0,2000,26,520,132,1306,0,1306,1338,99.68
R1_libvariants_map2,lib_repair,map2,original,2,0.0,0,2000,27,103,3,22,0,22,8,20.37
R1_libvariants_map2,lib_regen,map2,original,2,0.0,0,2000,27,109,7,33,0,33,8,24.56
R3_prioritized_map2,prioritized,map2,prioritized,2,0.0,0,2000,27,177,0,5,0,5,184,1.27
R4_online_cap1000_map2,online_cap1000,map2,rrt_online,2,0.0,0,2000,27,117,5,72,0,72,151,8.76
R2_scripted_map2,scripted_original,map2,original,2,0.0,0,2000,27,96,8,232,212,20,3,32.97
R4_online_cap300_map2,online_cap300,map2,rrt_online,2,0.0,0,2000,27,146,105,37,0,37,273,7.86
R1_libvariants_map2,lib_regen,map2,original,10,0.0,0,2000,26,500,103,1550,0,1550,51,219.64
R1_libvariants_map2,lib_repair,map2,original,10,0.0,0,2000,26,420,134,1669,0,1669,52,232.0
R2_scripted_map2,scripted_alternative,map2,alternative,2,0.0,0,2000,27,98,1,26,0,26,1,29.86
R5_transfer_map3,hybrid_map3lib,map3,map3lib,2,0.0,0,2000,27,94,15,25,0,25,7,36.17
R5_transfer_map3,hybrid_original,map3,original,6,0.0,0,2000,26,84,353,3242,2851,391,107,473.93
R1_libvariants_map2,lib_filter,map2,original,4,0.0,0,2000,27,195,38,155,0,155,36,30.84
R3_prioritized_map2,prioritized,map2,prioritized,4,0.0,0,2000,27,352,0,21,0,21,377,2.6
R5_transfer_map3,hybrid_original,map3,original,10,0.0,0,2000,25,166,636,5870,4735,1135,194,720.39
R2_scripted_map2,scripted_alternative,map2,alternative,10,0.0,0,2000,26,428,47,1527,0,1527,22,240.68
R4_online_cap1000_map2,online_cap1000,map2,rrt_online,4,0.0,0,2000,27,236,18,181,0,181,346,24.06
R1_libvariants_map2,lib_repair,map2,original,4,0.0,0,2000,27,188,23,183,0,183,18,54.93
R5_transfer_map3,hybrid_map3lib,map3,map3lib,8,0.0,0,2000,26,310,114,1406,0,1406,76,348.06
R2_scripted_map2,scripted_original,map2,original,10,0.0,0,2000,26,425,103,2521,1030,1491,56,265.27
R4_online_cap300_map2,online_cap300,map2,rrt_online,4,0.0,0,2000,27,289,248,152,0,152,621,17.02
R1_libvariants_map2,lib_regen,map2,original,4,0.0,0,2000,27,225,23,192,0,192,15,68.15
R2_scripted_map2,scripted_alternative,map2,alternative,4,0.0,0,2000,27,198,4,230,0,230,5,59.25
R3_prioritized_map2,prioritized,map2,prioritized,6,0.0,0,2000,27,530,0,37,0,37,573,3.3
R2_scripted_map2,scripted_original,map2,original,4,0.0,0,2000,27,198,24,621,474,147,19,84.62
R1_libvariants_map2,lib_filter,map2,original,6,0.0,0,2000,27,271,66,514,0,514,68,72.06
R4_online_cap1000_map2,online_cap1000,map2,rrt_online,6,0.0,0,2000,27,337,58,419,0,419,602,38.03
R4_online_cap300_map2,online_cap300,map2,rrt_online,6,0.0,0,2000,27,443,483,514,0,514,1184,31.02
R5_transfer_map3,hybrid_original,map3,original,2,0.0,0,2000,27,36,109,997,954,43,37,188.13
R1_libvariants_map2,lib_regen,map2,original,6,0.0,0,2000,27,345,44,469,0,469,21,97.58
R2_scripted_map2,scripted_original,map2,original,6,0.0,0,2000,27,273,37,969,618,351,24,104.27
R5_transfer_map3,hybrid_map3lib,map3,map3lib,4,0.0,0,2000,27,171,40,260,0,260,31,122.57
R1_libvariants_map2,lib_repair,map2,original,6,0.0,0,2000,27,272,51,551,0,551,24,113.66
R3_prioritized_map2,prioritized,map2,prioritized,8,0.0,0,2000,27,699,2,75,0,75,784,9.68
R2_scripted_map2,scripted_alternative,map2,alternative,6,0.0,0,2000,27,276,18,450,0,450,9,114.34
R4_online_cap300_map2,online_cap300,map2,rrt_online,8,0.0,0,2000,27,603,718,991,0,991,1784,40.56
R1_libvariants_map2,lib_filter,map2,original,8,0.0,0,2000,27,354,97,1060,0,1060,119,99.0
R4_online_cap1000_map2,online_cap1000,map2,rrt_online,8,0.0,0,2000,27,428,88,796,0,796,918,67.46
R5_transfer_map3,hybrid_original,map3,original,8,0.0,0,2000,26,139,457,4308,3507,801,139,587.94
R1_libvariants_map2,lib_repair,map2,original,8,0.0,0,2000,27,337,106,975,0,975,41,126.81
R5_transfer_map3,hybrid_original,map3,original,4,0.0,0,2000,27,70,217,2031,1869,162,72,234.27
R1_libvariants_map2,lib_regen,map2,original,8,0.0,0,2000,27,402,79,818,0,818,24,133.53
R5_transfer_map3,hybrid_map3lib,map3,map3lib,6,0.0,0,2000,27,276,56,614,0,614,43,198.23
R2_scripted_map2,scripted_original,map2,original,8,0.0,0,2000,27,372,61,1474,726,748,62,162.51
R2_scripted_map2,scripted_alternative,map2,alternative,8,0.0,0,2000,27,359,29,852,0,852,22,148.02
R3_prioritized_map2,prioritized,map2,prioritized,10,0.0,0,2000,27,874,6,112,0,112,1002,9.05
R5_transfer_map3,hybrid_map3lib,map3,map3lib,10,0.0,0,2000,26,416,122,2075,0,2075,91,502.42
R4_online_cap300_map2,online_cap300,map2,rrt_online,10,0.0,0,2000,27,693,1110,1750,0,1750,2660,38.64
R1_libvariants_map2,lib_filter,map2,original,10,0.0,0,2000,27,413,128,1490,0,1490,177,123.66
R4_online_cap1000_map2,online_cap1000,map2,rrt_online,10,0.0,0,2000,27,493,109,1339,0,1339,1223,55.06
R1_libvariants_map2,lib_filter,map2,original,2,0.0,0,2000,28,97,12,39,0,39,17,13.82
R1_libvariants_map2,lib_repair,map2,original,10,0.0,0,2000,27,432,110,1433,0,1433,52,139.48
R1_libvariants_map2,lib_repair,map2,original,2,0.0,0,2000,28,85,14,43,0,43,9,12.9
R3_prioritized_map2,prioritized,map2,prioritized,2,0.0,0,2000,28,163,0,4,0,4,169,0.61
R4_online_cap1000_map2,online_cap1000,map2,rrt_online,2,0.0,0,2000,28,117,7,32,0,32,140,5.0
R1_libvariants_map2,lib_regen,map2,original,2,0.0,0,2000,28,119,15,44,0,44,0,14.56
R4_online_cap300_map2,online_cap300,map2,rrt_online,2,0.0,0,2000,28,145,122,75,0,75,298,4.91
R1_libvariants_map2,lib_regen,map2,original,10,0.0,0,2000,27,515,102,1385,0,1385,37,128.9
R2_scripted_map2,scripted_original,map2,original,2,0.0,0,2000,28,104,8,263,232,31,5,19.34
R2_scripted_map2,scripted_alternative,map2,alternative,2,0.0,0,2000,28,108,3,20,0,20,4,17.43
R5_transfer_map3,hybrid_map3lib,map3,map3lib,2,0.0,0,2000,28,95,15,39,0,39,11,25.37
R1_libvariants_map2,lib_filter,map2,original,4,0.0,0,2000,28,198,37,199,0,199,40,30.1
R2_scripted_map2,scripted_original,map2,original,10,0.0,0,2000,27,428,94,2356,949,1407,48,177.16
R3_prioritized_map2,prioritized,map2,prioritized,4,0.0,0,2000,28,338,0,16,0,16,358,2.53
R5_transfer_map3,hybrid_original,map3,original,6,0.0,0,2000,27,91,344,3293,2858,435,104,346.95
R2_scripted_map2,scripted_alternative,map2,alternative,10,0.0,0,2000,27,455,52,1359,0,1359,33,160.29
R1_libvariants_map2,lib_repair,map2,original,4,0.0,0,2000,28,175,28,236,0,236,14,49.42
R1_libvariants_map2,lib_regen,map2,original,4,0.0,0,2000,28,233,21,199,0,199,13,50.93
R5_transfer_map3,hybrid_map3lib,map3,map3lib,8,0.0,0,2000,27,318,97,1401,0,1401,79,244.89
R4_online_cap1000_map2,online_cap1000,map2,rrt_online,4,0.0,0,2000,28,227,15,215,0,215,341,23.63
R4_online_cap300_map2,online_cap300,map2,rrt_online,4,0.0,0,2000,28,287,276,262,0,262,686,20.12
R5_transfer_map3,hybrid_original,map3,original,2,0.0,0,2000,28,31,104,905,870,35,35,102.23
R5_transfer_map3,hybrid_original,map3,original,10,0.0,0,2000,26,139,624,5687,4647,1040,182,727.68
R3_prioritized_map2,prioritized,map2,prioritized,6,0.0,0,2000,28,516,0,39,0,39,560,3.25
R1_libvariants_map2,lib_filter,map2,original,6,0.0,0,2000,28,286,68,541,0,541,61,44.5
R2_scripted_map2,scripted_alternative,map2,alternative,4,0.0,0,2000,28,197,6,174,0,174,4,69.43
R2_scripted_map2,scripted_original,map2,original,4,0.0,0,2000,28,175,29,620,468,152,22,94.74
R4_online_cap300_map2,online_cap300,map2,rrt_online,6,0.0,0,2000,28,445,493,487,0,487,1184,30.4
R4_online_cap1000_map2,online_cap1000,map2,rrt_online,6,0.0,0,2000,28,338,54,496,0,496,642,40.47
R5_transfer_map3,hybrid_map3lib,map3,map3lib,4,0.0,0,2000,28,180,38,205,0,205,34,104.21
R1_libvariants_map2,lib_repair,map2,original,6,0.0,0,2000,28,259,52,555,0,555,33,103.43
R1_libvariants_map2,lib_regen,map2,original,6,0.0,0,2000,28,323,57,514,0,514,12,103.88
R2_scripted_map2,scripted_original,map2,original,6,0.0,0,2000,28,262,53,1207,696,511,18,120.74
R3_prioritized_map2,prioritized,map2,prioritized,8,0.0,0,2000,28,694,0,79,0,79,781,4.63
R2_scripted_map2,scripted_alternative,map2,alternative,6,0.0,0,2000,28,286,24,472,0,472,14,107.72
R4_online_cap300_map2,online_cap300,map2,rrt_online,8,0.0,0,2000,28,531,716,1126,0,1126,1806,41.42
R4_online_cap1000_map2,online_cap1000,map2,rrt_online,8,0.0,0,2000,28,432,86,881,0,881,931,59.49
R1_libvariants_map2,lib_filter,map2,original,8,0.0,0,2000,28,364,102,947,0,947,119,133.99
R1_libvariants_map2,lib_repair,map2,original,8,0.0,0,2000,28,334,94,1072,0,1072,43,155.85
R1_libvariants_map2,lib_regen,map2,original,8,0.0,0,2000,28,414,84,862,0,862,33,156.68
R5_transfer_map3,hybrid_original,map3,original,8,0.0,0,2000,27,122,477,4607,3695,912,143,536.04
R2_scripted_map2,scripted_original,map2,original,8,0.0,0,2000,28,360,53,1691,785,906,28,167.15
R5_transfer_map3,hybrid_original,map3,original,4,0.0,0,2000,28,64,243,2161,2009,152,61,292.45
R5_transfer_map3,hybrid_map3lib,map3,map3lib,6,0.0,0,2000,28,246,54,742,0,742,46,207.92
R3_prioritized_map2,prioritized,map2,prioritized,10,0.0,0,2000,28,853,1,133,0,133,997,8.53
R2_scripted_map2,scripted_alternative,map2,alternative,8,0.0,0,2000,28,378,27,925,0,925,13,173.96
R1_libvariants_map2,lib_filter,map2,original,10,0.0,0,2000,28,435,136,1494,0,1494,154,125.64
R4_online_cap300_map2,online_cap300,map2,rrt_online,10,0.0,0,2000,28,680,1027,1768,0,1768,2523,66.16
R5_transfer_map3,hybrid_map3lib,map3,map3lib,10,0.0,0,2000,27,425,120,1877,0,1877,96,477.28
R1_libvariants_map2,lib_filter,map2,original,2,0.0,0,2000,29,103,14,19,0,19,16,13.64
R4_online_cap1000_map2,online_cap1000,map2,rrt_online,10,0.0,0,2000,28,523,137,1368,0,1368,1338,107.07
R1_libvariants_map2,lib_repair,map2,original,2,0.0,0,2000,29,103,5,41,0,41,7,23.43
R1_libvariants_map2,lib_regen,map2,original,2,0.0,0,2000,29,108,6,31,0,31,5,22.95
R3_prioritized_map2,prioritized,map2,prioritized,2,0.0,0,2000,29,174,1,5,0,5,181,2.5
R4_online_cap1000_map2,online_cap1000,map2,rrt_online,2,0.0,0,2000,29,118,6,24,0,24,139,9.18
R4_online_cap300_map2,online_cap300,map2,rrt_online,2,0.0,0,2000,29,152,100,44,0,44,272,8.42
R2_scripted_map2,scripted_alternative,map2,alternative,2,0.0,0,2000,29,100,2,20,0,20,1,26.08
R2_scripted_map2,scripted_original,map2,original,2,0.0,0,2000,29,99,9,247,222,25,6,37.3
R1_libvariants_map2,lib_repair,map2,original,10,0.0,0,2000,28,421,120,1420,0,1420,55,219.84
R1_libvariants_map2,lib_regen,map2,original,10,0.0,0,2000,28,499,100,1598,0,1598,31,205.83
R1_libvariants_map2,lib_filter,map2,original,4,0.0,0,2000,29,192,28,253,0,253,35,33.57
R5_transfer_map3,hybrid_map3lib,map3,map3lib,2,0.0,0,2000,29,95,17,52,0,52,14,39.58
R2_scripted_map2,scripted_alternative,map2,alternative,10,0.0,0,2000,28,429,46,1450,0,1450,19,218.24
R3_prioritized_map2,prioritized,map2,prioritized,4,0.0,0,2000,29,337,2,20,0,20,363,5.01
R5_transfer_map3,hybrid_original,map3,original,6,0.0,0,2000,28,102,351,3259,2885,374,109,479.06
R5_transfer_map3,hybrid_original,map3,original,10,0.0,0,2000,27,182,610,5879,4650,1229,168,681.56
R1_libvariants_map2,lib_repair,map2,original,4,0.0,0,2000,29,190,25,301,0,301,11,47.41
R4_online_cap300_map2,online_cap300,map2,rrt_online,4,0.0,0,2000,29,296,274,214,0,214,676,16.41
R4_online_cap1000_map2,online_cap1000,map2,rrt_online,4,0.0,0,2000,29,227,16,175,0,175,333,24.25
R1_libvariants_map2,lib_regen,map2,original,4,0.0,0,2000,29,230,21,157,0,157,6,52.04
R2_scripted_map2,scripted_original,map2,original,10,0.0,0,2000,28,421,95,2499,1104,1395,56,272.04
R5_transfer_map3,hybrid_map3lib,map3,map3lib,8,0.0,0,2000,28,333,76,1444,0,1444,79,357.63
R5_transfer_map3,hybrid_original,map3,original,2,0.0,0,2000,29,37,107,951,909,42,32,116.58
R2_scripted_map2,scripted_original,map2,original,4,0.0,0,2000,29,186,24,586,406,180,18,67.87
R3_prioritized_map2,prioritized,map2,prioritized,6,0.0,0,2000,29,501,3,36,0,36,546,7.64
R2_scripted_map2,scripted_alternative,map2,alternative,4,0.0,0,2000,29,205,7,172,0,172,12,69.02
R4_online_cap300_map2,online_cap300,map2,rrt_online,6,0.0,0,2000,29,410,461,523,0,523,1148,31.39
R4_online_cap1000_map2,online_cap1000,map2,rrt_online,6,0.0,0,2000,29,339,48,467,0,467,638,41.86
R1_libvariants_map2,lib_filter,map2,original,6,0.0,0,2000,29,269,65,520,0,520,79,72.32
R1_libvariants_map2,lib_regen,map2,original,6,0.0,0,2000,29,339,42,448,0,448,9,96.68
R5_transfer_map3,hybrid_map3lib,map3,map3lib,4,0.0,0,2000,29,187,40,295,0,295,30,125.59
R2_scripted_map2,scripted_alternative,map2,alternative,6,0.0,0,2000,29,296,22,530,0,530,9,121.21
R1_libvariants_map2,lib_repair,map2,original,6,0.0,0,2000,29,263,67,547,0,547,28,149.47
R3_prioritized_map2,prioritized,map2,prioritized,8,0.0,0,2000,29,685,6,78,0,78,776,13.09
R2_scripted_map2,scripted_original,map2,original,6,0.0,0,2000,29,286,31,920,488,432,33,152.12
R1_libvariants_map2,lib_filter,map2,original,8,0.0,0,2000,29,329,97,1154,0,1154,101,104.87
R5_transfer_map3,hybrid_original,map3,original,8,0.0,0,2000,28,141,444,4243,3527,716,163,565.16
R4_online_cap300_map2,online_cap300,map2,rrt_online,8,0.0,0,2000,29,562,731,924,0,924,1712,40.76
R1_libvariants_map2,lib_repair,map2,original,8,0.0,0,2000,29,364,80,970,0,970,22,133.85
R4_online_cap1000_map2,online_cap1000,map2,rrt_online,8,0.0,0,2000,29,418,84,845,0,845,917,70.81
R5_transfer_map3,hybrid_original,map3,original,4,0.0,0,2000,29,60,227,2136,1975,161,60,260.25
R5_transfer_map3,hybrid_map3lib,map3,map3lib,6,0.0,0,2000,29,280,67,675,0,675,42,192.0
R1_libvariants_map2,lib_regen,map2,original,8,0.0,0,2000,29,427,79,944,0,944,33,167.15
R3_prioritized_map2,prioritized,map2,prioritized,10,0.0,0,2000,29,850,9,115,0,115,984,18.49
R2_scripted_map2,scripted_original,map2,original,8,0.0,0,2000,29,344,63,1604,783,821,44,182.12
R2_scripted_map2,scripted_alternative,map2,alternative,8,0.0,0,2000,29,365,30,864,0,864,15,173.27
R1_libvariants_map2,lib_filter,map2,original,10,0.0,0,2000,29,430,136,1438,0,1438,153,130.12
R5_transfer_map3,hybrid_map3lib,map3,map3lib,10,0.0,0,2000,28,413,134,1991,0,1991,92,543.95
R4_online_cap300_map2,online_cap300,map2,rrt_online,10,0.0,0,2000,29,677,1047,1675,0,1675,2523,55.89
R4_online_cap1000_map2,online_cap1000,map2,rrt_online,10,0.0,0,2000,29,510,153,1303,0,1303,1315,94.04
R5_transfer_map3,hybrid_original,map3,original,6,0.0,0,2000,29,84,337,3292,2837,455,107,376.78
R1_libvariants_map2,lib_repair,map2,original,10,0.0,0,2000,29,418,140,1726,0,1726,54,200.35
R2_scripted_map2,scripted_original,map2,original,10,0.0,0,2000,29,445,100,2312,1033,1279,49,215.81
R1_libvariants_map2,lib_regen,map2,original,10,0.0,0,2000,29,513,116,1351,0,1351,32,230.67
R2_scripted_map2,scripted_alternative,map2,alternative,10,0.0,0,2000,29,427,57,1652,0,1652,26,210.97
R5_transfer_map3,hybrid_map3lib,map3,map3lib,8,0.0,0,2000,29,330,114,1310,0,1310,61,283.95
R5_transfer_map3,hybrid_original,map3,original,10,0.0,0,2000,28,145,620,5739,4597,1142,207,772.04
R5_transfer_map3,hybrid_original,map3,original,8,0.0,0,2000,29,132,482,4540,3720,820,130,466.88
R5_transfer_map3,hybrid_map3lib,map3,map3lib,10,0.0,0,2000,29,446,136,1827,0,1827,122,401.61
R5_transfer_map3,hybrid_original,map3,original,10,0.0,0,2000,29,169,615,5789,4566,1223,187,490.23
